{
	"credit": "Made with Blockbench",
	"texture_size": [64, 64],
	"textures": {
		"0": "item/diaperpailwhite"
	},
	"elements": [
		{
			"name": "2",
			"from": [5, 15, 12],
			"to": [11, 18, 14],
			"rotation": {"angle": 0, "axis": "y", "origin": [13, 15, 14]},
			"faces": {
				"north": {"uv": [4.5, 9, 6, 9.75], "texture": "#0"},
				"east": {"uv": [7, 11, 7.5, 11.75], "texture": "#0"},
				"south": {"uv": [9, 7, 10.5, 7.75], "texture": "#0"},
				"west": {"uv": [11, 7, 11.5, 7.75], "texture": "#0"},
				"up": {"uv": [11, 6.25, 9.5, 5.75], "texture": "#0"},
				"down": {"uv": [11, 6.25, 9.5, 6.75], "texture": "#0"}
			}
		},
		{
			"name": "3",
			"from": [12, 15, 5],
			"to": [14, 18, 11],
			"rotation": {"angle": 0, "axis": "y", "origin": [14, 15, 4]},
			"faces": {
				"north": {"uv": [7.5, 11, 8, 11.75], "texture": "#0"},
				"east": {"uv": [9, 7.75, 10.5, 8.5], "texture": "#0"},
				"south": {"uv": [11, 7.75, 11.5, 8.5], "texture": "#0"},
				"west": {"uv": [9, 8.5, 10.5, 9.25], "texture": "#0"},
				"up": {"uv": [8, 5, 7.5, 3.5], "texture": "#0"},
				"down": {"uv": [5, 9.75, 4.5, 11.25], "texture": "#0"}
			}
		},
		{
			"name": "4",
			"from": [5, 15, 2],
			"to": [11, 18, 4],
			"rotation": {"angle": 0, "axis": "y", "origin": [3, 15, 2]},
			"faces": {
				"north": {"uv": [9, 9.25, 10.5, 10], "texture": "#0"},
				"east": {"uv": [10.5, 11, 11, 11.75], "texture": "#0"},
				"south": {"uv": [9.5, 0, 11, 0.75], "texture": "#0"},
				"west": {"uv": [11, 11, 11.5, 11.75], "texture": "#0"},
				"up": {"uv": [11.5, 2.75, 10, 2.25], "texture": "#0"},
				"down": {"uv": [11.5, 2.75, 10, 3.25], "texture": "#0"}
			}
		},
		{
			"name": "5",
			"from": [2, 15, 5],
			"to": [4, 18, 11],
			"rotation": {"angle": 0, "axis": "y", "origin": [2, 15, 14]},
			"faces": {
				"north": {"uv": [4.5, 11.25, 5, 12], "texture": "#0"},
				"east": {"uv": [9.5, 0.75, 11, 1.5], "texture": "#0"},
				"south": {"uv": [5, 11.25, 5.5, 12], "texture": "#0"},
				"west": {"uv": [9.5, 1.5, 11, 2.25], "texture": "#0"},
				"up": {"uv": [5.5, 11.25, 5, 9.75], "texture": "#0"},
				"down": {"uv": [6, 9.75, 5.5, 11.25], "texture": "#0"}
			}
		},
		{
			"from": [11, 15, 11],
			"to": [13, 18, 13],
			"rotation": {"angle": 0, "axis": "y", "origin": [12, 15, 12]},
			"faces": {
				"north": {"uv": [5.5, 11.25, 6, 12], "texture": "#0"},
				"east": {"uv": [11.5, 2.25, 12, 3], "texture": "#0"},
				"south": {"uv": [11.5, 3, 12, 3.75], "texture": "#0"},
				"west": {"uv": [6, 11.5, 6.5, 12.25], "texture": "#0"},
				"up": {"uv": [8, 5.5, 7.5, 5], "texture": "#0"},
				"down": {"uv": [5.75, 12, 5.25, 12.5], "texture": "#0"}
			}
		},
		{
			"from": [11, 15, 3],
			"to": [13, 18, 5],
			"rotation": {"angle": 0, "axis": "y", "origin": [12, 15, 3]},
			"faces": {
				"north": {"uv": [6.5, 11.5, 7, 12.25], "texture": "#0"},
				"east": {"uv": [11.5, 7, 12, 7.75], "texture": "#0"},
				"south": {"uv": [11.5, 7.75, 12, 8.5], "texture": "#0"},
				"west": {"uv": [9, 11.5, 9.5, 12.25], "texture": "#0"},
				"up": {"uv": [12.5, 8.5, 12, 8], "texture": "#0"},
				"down": {"uv": [12.5, 11, 12, 11.5], "texture": "#0"}
			}
		},
		{
			"from": [3, 15, 3],
			"to": [5, 18, 5],
			"rotation": {"angle": 0, "axis": "y", "origin": [3, 15, 3]},
			"faces": {
				"north": {"uv": [9.5, 11.5, 10, 12.25], "texture": "#0"},
				"east": {"uv": [10, 11.5, 10.5, 12.25], "texture": "#0"},
				"south": {"uv": [11.5, 11, 12, 11.75], "texture": "#0"},
				"west": {"uv": [7, 11.75, 7.5, 12.5], "texture": "#0"},
				"up": {"uv": [12.5, 12, 12, 11.5], "texture": "#0"},
				"down": {"uv": [12.5, 12, 12, 12.5], "texture": "#0"}
			}
		},
		{
			"from": [3, 15, 11],
			"to": [5, 18, 13],
			"rotation": {"angle": 0, "axis": "y", "origin": [3, 15, 12]},
			"faces": {
				"north": {"uv": [7.5, 11.75, 8, 12.5], "texture": "#0"},
				"east": {"uv": [10.5, 11.75, 11, 12.5], "texture": "#0"},
				"south": {"uv": [11, 11.75, 11.5, 12.5], "texture": "#0"},
				"west": {"uv": [11.5, 11.75, 12, 12.5], "texture": "#0"},
				"up": {"uv": [12.75, 2.75, 12.25, 2.25], "texture": "#0"},
				"down": {"uv": [12.75, 2.75, 12.25, 3.25], "texture": "#0"}
			}
		},
		{
			"from": [4, 18, 4],
			"to": [12, 19, 12],
			"rotation": {"angle": 0, "axis": "y", "origin": [7, 18, 4]},
			"faces": {
				"north": {"uv": [10.5, 4.25, 12.5, 4.5], "texture": "#0"},
				"east": {"uv": [10.5, 4.5, 12.5, 4.75], "texture": "#0"},
				"south": {"uv": [10.5, 4.75, 12.5, 5], "texture": "#0"},
				"west": {"uv": [10.5, 5, 12.5, 5.25], "texture": "#0"},
				"up": {"uv": [8, 7.5, 6, 5.5], "texture": "#0"},
				"down": {"uv": [2, 7, 0, 9], "texture": "#0"}
			}
		},
		{
			"from": [5, 18, 3],
			"to": [11, 19, 4],
			"rotation": {"angle": 0, "axis": "y", "origin": [7, 18, 3]},
			"faces": {
				"north": {"uv": [11, 6.25, 12.5, 6.5], "texture": "#0"},
				"east": {"uv": [5.75, 12, 6, 12.25], "texture": "#0"},
				"south": {"uv": [11, 6.5, 12.5, 6.75], "texture": "#0"},
				"west": {"uv": [12.5, 5.5, 12.75, 5.75], "texture": "#0"},
				"up": {"uv": [12.5, 8.75, 11, 8.5], "texture": "#0"},
				"down": {"uv": [12.5, 8.75, 11, 9], "texture": "#0"}
			}
		},
		{
			"from": [5, 18, 12],
			"to": [11, 19, 13],
			"rotation": {"angle": 0, "axis": "y", "origin": [7, 18, 12]},
			"faces": {
				"north": {"uv": [11.5, 3.75, 13, 4], "texture": "#0"},
				"east": {"uv": [12.5, 6.25, 12.75, 6.5], "texture": "#0"},
				"south": {"uv": [11.5, 4, 13, 4.25], "texture": "#0"},
				"west": {"uv": [12.5, 6.5, 12.75, 6.75], "texture": "#0"},
				"up": {"uv": [13.5, 1.5, 12, 1.25], "texture": "#0"},
				"down": {"uv": [13.5, 1.5, 12, 1.75], "texture": "#0"}
			}
		},
		{
			"from": [3, 18, 5],
			"to": [4, 19, 11],
			"rotation": {"angle": 0, "axis": "y", "origin": [3, 18, 9]},
			"faces": {
				"north": {"uv": [12.5, 8, 12.75, 8.25], "texture": "#0"},
				"east": {"uv": [12, 1.75, 13.5, 2], "texture": "#0"},
				"south": {"uv": [8.25, 12.5, 8.5, 12.75], "texture": "#0"},
				"west": {"uv": [12, 2, 13.5, 2.25], "texture": "#0"},
				"up": {"uv": [12.25, 3.75, 12, 2.25], "texture": "#0"},
				"down": {"uv": [4.75, 12, 4.5, 13.5], "texture": "#0"}
			}
		},
		{
			"from": [12, 18, 5],
			"to": [13, 19, 11],
			"rotation": {"angle": 0, "axis": "y", "origin": [12, 18, 9]},
			"faces": {
				"north": {"uv": [12.5, 8.25, 12.75, 8.5], "texture": "#0"},
				"east": {"uv": [12, 5.75, 13.5, 6], "texture": "#0"},
				"south": {"uv": [8.5, 12.5, 8.75, 12.75], "texture": "#0"},
				"west": {"uv": [12, 6, 13.5, 6.25], "texture": "#0"},
				"up": {"uv": [5, 13.5, 4.75, 12], "texture": "#0"},
				"down": {"uv": [5.25, 12, 5, 13.5], "texture": "#0"}
			}
		},
		{
			"name": "3",
			"from": [5, 1, 12],
			"to": [11, 15, 14],
			"rotation": {"angle": 0, "axis": "y", "origin": [13, 1, 14]},
			"faces": {
				"north": {"uv": [0, 0, 1.5, 3.5], "texture": "#0"},
				"east": {"uv": [7.5, 0, 8, 3.5], "texture": "#0"},
				"south": {"uv": [1.5, 0, 3, 3.5], "texture": "#0"},
				"west": {"uv": [6, 7.5, 6.5, 11], "texture": "#0"},
				"up": {"uv": [11.5, 3.75, 10, 3.25], "texture": "#0"},
				"down": {"uv": [11.5, 3.75, 10, 4.25], "texture": "#0"}
			}
		},
		{
			"name": "4",
			"from": [12, 1, 5],
			"to": [14, 15, 11],
			"rotation": {"angle": 0, "axis": "y", "origin": [14, 1, 4]},
			"faces": {
				"north": {"uv": [6.5, 7.5, 7, 11], "texture": "#0"},
				"east": {"uv": [3, 0, 4.5, 3.5], "texture": "#0"},
				"south": {"uv": [7, 7.5, 7.5, 11], "texture": "#0"},
				"west": {"uv": [0, 3.5, 1.5, 7], "texture": "#0"},
				"up": {"uv": [10.5, 5.75, 10, 4.25], "texture": "#0"},
				"down": {"uv": [9.5, 10, 9, 11.5], "texture": "#0"}
			}
		},
		{
			"name": "5",
			"from": [5, 1, 3],
			"to": [11, 15, 4],
			"rotation": {"angle": 0, "axis": "y", "origin": [3, 1, 2]},
			"faces": {
				"north": {"uv": [1.5, 3.5, 3, 7], "texture": "#0"},
				"east": {"uv": [9.5, 2.25, 9.75, 5.75], "texture": "#0"},
				"south": {"uv": [3, 3.5, 4.5, 7], "texture": "#0"},
				"west": {"uv": [9.75, 2.25, 10, 5.75], "texture": "#0"},
				"up": {"uv": [13.5, 7.25, 12, 7], "texture": "#0"},
				"down": {"uv": [13.5, 7.25, 12, 7.5], "texture": "#0"}
			}
		},
		{
			"name": "4.4",
			"from": [5, 4, 2],
			"to": [11, 15, 3],
			"rotation": {"angle": 0, "axis": "y", "origin": [3, 1, 1]},
			"faces": {
				"north": {"uv": [6, 0, 7.5, 2.75], "texture": "#0"},
				"east": {"uv": [10.5, 6.75, 10.75, 9.5], "texture": "#0"},
				"south": {"uv": [6, 2.75, 7.5, 5.5], "texture": "#0"},
				"west": {"uv": [8, 10.5, 8.25, 13.25], "texture": "#0"},
				"up": {"uv": [13.5, 7.75, 12, 7.5], "texture": "#0"},
				"down": {"uv": [13.5, 7.75, 12, 8], "texture": "#0"}
			}
		},
		{
			"name": "6",
			"from": [2, 1, 5],
			"to": [4, 15, 11],
			"rotation": {"angle": 0, "axis": "y", "origin": [2, 1, 14]},
			"faces": {
				"north": {"uv": [7.5, 7.5, 8, 11], "texture": "#0"},
				"east": {"uv": [4.5, 0, 6, 3.5], "texture": "#0"},
				"south": {"uv": [8, 0, 8.5, 3.5], "texture": "#0"},
				"west": {"uv": [4.5, 3.5, 6, 7], "texture": "#0"},
				"up": {"uv": [10, 11.5, 9.5, 10], "texture": "#0"},
				"down": {"uv": [10.5, 10, 10, 11.5], "texture": "#0"}
			}
		},
		{
			"from": [11, 1, 11],
			"to": [13, 15, 13],
			"rotation": {"angle": 0, "axis": "y", "origin": [12, 1, 12]},
			"faces": {
				"north": {"uv": [8, 3.5, 8.5, 7], "texture": "#0"},
				"east": {"uv": [8, 7, 8.5, 10.5], "texture": "#0"},
				"south": {"uv": [8.5, 0, 9, 3.5], "texture": "#0"},
				"west": {"uv": [8.5, 3.5, 9, 7], "texture": "#0"},
				"up": {"uv": [12.75, 3.75, 12.25, 3.25], "texture": "#0"},
				"down": {"uv": [6.25, 12.25, 5.75, 12.75], "texture": "#0"}
			}
		},
		{
			"from": [11, 1, 3],
			"to": [13, 15, 5],
			"rotation": {"angle": 0, "axis": "y", "origin": [12, 1, 3]},
			"faces": {
				"north": {"uv": [8.5, 7, 9, 10.5], "texture": "#0"},
				"east": {"uv": [0, 9, 0.5, 12.5], "texture": "#0"},
				"south": {"uv": [9, 0, 9.5, 3.5], "texture": "#0"},
				"west": {"uv": [0.5, 9, 1, 12.5], "texture": "#0"},
				"up": {"uv": [6.75, 12.75, 6.25, 12.25], "texture": "#0"},
				"down": {"uv": [9.5, 12.25, 9, 12.75], "texture": "#0"}
			}
		},
		{
			"from": [3, 1, 3],
			"to": [5, 15, 5],
			"rotation": {"angle": 0, "axis": "y", "origin": [3, 1, 3]},
			"faces": {
				"north": {"uv": [1, 9, 1.5, 12.5], "texture": "#0"},
				"east": {"uv": [1.5, 9, 2, 12.5], "texture": "#0"},
				"south": {"uv": [2, 9, 2.5, 12.5], "texture": "#0"},
				"west": {"uv": [2.5, 9, 3, 12.5], "texture": "#0"},
				"up": {"uv": [10, 12.75, 9.5, 12.25], "texture": "#0"},
				"down": {"uv": [10.5, 12.25, 10, 12.75], "texture": "#0"}
			}
		},
		{
			"from": [3, 1, 11],
			"to": [5, 15, 13],
			"rotation": {"angle": 0, "axis": "y", "origin": [3, 1, 12]},
			"faces": {
				"north": {"uv": [3, 9, 3.5, 12.5], "texture": "#0"},
				"east": {"uv": [3.5, 9, 4, 12.5], "texture": "#0"},
				"south": {"uv": [9, 3.5, 9.5, 7], "texture": "#0"},
				"west": {"uv": [4, 9, 4.5, 12.5], "texture": "#0"},
				"up": {"uv": [0.5, 13, 0, 12.5], "texture": "#0"},
				"down": {"uv": [1, 12.5, 0.5, 13], "texture": "#0"}
			}
		},
		{
			"from": [5, 1, 2],
			"to": [6, 4, 3],
			"rotation": {"angle": 0, "axis": "y", "origin": [4, 1, 1]},
			"faces": {
				"north": {"uv": [6.75, 12.25, 7, 13], "texture": "#0"},
				"east": {"uv": [12.5, 4.75, 12.75, 5.5], "texture": "#0"},
				"south": {"uv": [5.25, 12.5, 5.5, 13.25], "texture": "#0"},
				"west": {"uv": [5.5, 12.5, 5.75, 13.25], "texture": "#0"},
				"up": {"uv": [12.75, 8.75, 12.5, 8.5], "texture": "#0"},
				"down": {"uv": [9, 12.5, 8.75, 12.75], "texture": "#0"}
			}
		},
		{
			"from": [10, 1, 2],
			"to": [11, 4, 3],
			"rotation": {"angle": 0, "axis": "y", "origin": [9, 1, 1]},
			"faces": {
				"north": {"uv": [7, 12.5, 7.25, 13.25], "texture": "#0"},
				"east": {"uv": [7.25, 12.5, 7.5, 13.25], "texture": "#0"},
				"south": {"uv": [7.5, 12.5, 7.75, 13.25], "texture": "#0"},
				"west": {"uv": [7.75, 12.5, 8, 13.25], "texture": "#0"},
				"up": {"uv": [12.75, 9, 12.5, 8.75], "texture": "#0"},
				"down": {"uv": [12.75, 9.5, 12.5, 9.75], "texture": "#0"}
			}
		},
		{
			"from": [4, 0, 4],
			"to": [12, 1, 12],
			"faces": {
				"north": {"uv": [10.5, 5.25, 12.5, 5.5], "texture": "#0"},
				"east": {"uv": [10.5, 5.5, 12.5, 5.75], "texture": "#0"},
				"south": {"uv": [10.5, 9.5, 12.5, 9.75], "texture": "#0"},
				"west": {"uv": [10.5, 9.75, 12.5, 10], "texture": "#0"},
				"up": {"uv": [4, 9, 2, 7], "texture": "#0"},
				"down": {"uv": [6, 7, 4, 9], "texture": "#0"}
			}
		},
		{
			"from": [3, 0, 4],
			"to": [4, 1, 12],
			"rotation": {"angle": 0, "axis": "y", "origin": [2, 0, 5]},
			"faces": {
				"north": {"uv": [12.5, 9.75, 12.75, 10], "texture": "#0"},
				"east": {"uv": [10.5, 10, 12.5, 10.25], "texture": "#0"},
				"south": {"uv": [12.5, 10, 12.75, 10.25], "texture": "#0"},
				"west": {"uv": [10.5, 10.25, 12.5, 10.5], "texture": "#0"},
				"up": {"uv": [8.5, 12.5, 8.25, 10.5], "texture": "#0"},
				"down": {"uv": [8.75, 10.5, 8.5, 12.5], "texture": "#0"}
			}
		},
		{
			"from": [12, 0, 4],
			"to": [13, 1, 12],
			"rotation": {"angle": 0, "axis": "y", "origin": [11, 0, 5]},
			"faces": {
				"north": {"uv": [12.5, 10.25, 12.75, 10.5], "texture": "#0"},
				"east": {"uv": [10.5, 10.5, 12.5, 10.75], "texture": "#0"},
				"south": {"uv": [10.5, 12.5, 10.75, 12.75], "texture": "#0"},
				"west": {"uv": [10.75, 6.75, 12.75, 7], "texture": "#0"},
				"up": {"uv": [9, 12.5, 8.75, 10.5], "texture": "#0"},
				"down": {"uv": [11, 7, 10.75, 9], "texture": "#0"}
			}
		},
		{
			"from": [4, 0, 3],
			"to": [12, 1, 4],
			"rotation": {"angle": 0, "axis": "y", "origin": [5, 0, 5]},
			"faces": {
				"north": {"uv": [10.75, 9, 12.75, 9.25], "texture": "#0"},
				"east": {"uv": [12.5, 10.5, 12.75, 10.75], "texture": "#0"},
				"south": {"uv": [10.75, 9.25, 12.75, 9.5], "texture": "#0"},
				"west": {"uv": [10.75, 12.5, 11, 12.75], "texture": "#0"},
				"up": {"uv": [12.5, 11, 10.5, 10.75], "texture": "#0"},
				"down": {"uv": [13, 0, 11, 0.25], "texture": "#0"}
			}
		},
		{
			"from": [4, 0, 12],
			"to": [12, 1, 13],
			"rotation": {"angle": 0, "axis": "y", "origin": [5, 0, 14]},
			"faces": {
				"north": {"uv": [11, 0.25, 13, 0.5], "texture": "#0"},
				"east": {"uv": [12.5, 10.75, 12.75, 11], "texture": "#0"},
				"south": {"uv": [11, 0.5, 13, 0.75], "texture": "#0"},
				"west": {"uv": [11, 12.5, 11.25, 12.75], "texture": "#0"},
				"up": {"uv": [13, 1, 11, 0.75], "texture": "#0"},
				"down": {"uv": [13, 1, 11, 1.25], "texture": "#0"}
			}
		},
		{
			"name": "hinge",
			"from": [6, 14, 14],
			"to": [10, 15, 15],
			"rotation": {"angle": 0, "axis": "y", "origin": [5, 14, 14]},
			"faces": {
				"north": {"uv": [9.5, 6.75, 10.5, 7], "texture": "#0"},
				"east": {"uv": [12.5, 11, 12.75, 11.25], "texture": "#0"},
				"south": {"uv": [1, 12.5, 2, 12.75], "texture": "#0"},
				"west": {"uv": [11.25, 12.5, 11.5, 12.75], "texture": "#0"},
				"up": {"uv": [3, 12.75, 2, 12.5], "texture": "#0"},
				"down": {"uv": [4, 12.5, 3, 12.75], "texture": "#0"}
			}
		},
		{
			"name": "foot peddle",
			"from": [6, 1, 1],
			"to": [10, 3, 3],
			"rotation": {"angle": 0, "axis": "y", "origin": [8, 2, 2]},
			"faces": {
				"north": {"uv": [0.0625, 0.0625, 0.1875, 0.1875], "texture": "#0"},
				"east": {"uv": [0.3125, 0.0625, 0.4375, 0.1875], "texture": "#0"},
				"south": {"uv": [0.5625, 0.0625, 0.6875, 0.1875], "texture": "#0"},
				"west": {"uv": [0.8125, 0.0625, 0.9375, 0.1875], "texture": "#0"},
				"up": {"uv": [1.0625, 0.0625, 1.1875, 0.1875], "texture": "#0"},
				"down": {"uv": [1.3125, 0.0625, 1.4375, 0.1875], "texture": "#0"}
			}
		}
	],
	"display": {
		"thirdperson_righthand": {
			"scale": [0.5, 0.5, 0.5]
		},
		"thirdperson_lefthand": {
			"scale": [0.5, 0.5, 0.5]
		},
		"firstperson_righthand": {
			"scale": [0.5, 0.5, 0.5]
		},
		"firstperson_lefthand": {
			"scale": [0.5, 0.5, 0.5]
		},
		"ground": {
			"translation": [0, 2, 0],
			"scale": [0.5, 0.5, 0.5]
		},
		"gui": {
			"translation": [0, -1.5, 0],
			"scale": [0.75, 0.75, 0.75]
		},
		"head": {
			"translation": [0, -34, 0]
		},
		"fixed": {
			"translation": [0, 0, 3],
			"scale": [0.75, 0.75, 0.75]
		}
	},
	"groups": [
		{
			"name": "group",
			"origin": [8, 8, 7],
			"color": 0,
			"children": [
				{
					"name": "lid",
					"origin": [8, 15.26923, 14],
					"color": 0,
					"children": [0, 1, 2, 3, 4, 5, 6, 7, 8, 9, 10, 11, 12]
				},
				{
					"name": "body",
					"origin": [0, 0, 12],
					"color": 0,
					"children": [
						13,
						14,
						15,
						16,
						17,
						18,
						19,
						20,
						21,
						22,
						23,
						{
							"name": "bottom",
							"origin": [0, 0, -1],
							"color": 0,
							"children": [24, 25, 26, 27, 28]
						},
						29
					]
				},
				30
			]
		}
	]
}