{
  "parent": "minecraft:item/generated",
  "textures": {
    "layer0": "minecraft:item/slime_ball"
  },
  "overrides": [
    {"predicate": {"custom_model_data": 625000},"model": "item/sound_enable"},
    {"predicate": {"custom_model_data": 625001},"model": "item/sound_disable"},
    {"predicate": {"custom_model_data": 625002},"model": "item/announce"},
    {"predicate": {"custom_model_data": 625003},"model": "item/announce_no"},
    {"predicate": {"custom_model_data": 625004},"model": "item/hear"},
    {"predicate": {"custom_model_data": 625005},"model": "item/hear_disable"},
    {"predicate": {"custom_model_data": 625006},"model": "item/caregiver"},
    {"predicate": {"custom_model_data": 626001},"model": "item/diaper_thick"},
    {"predicate": {"custom_model_data": 626002},"model": "item/underwear"},
    {"predicate": {"custom_model_data": 626003},"model": "item/pullup"},
    {"predicate": {"custom_model_data": 626004},"model": "item/diaper_dirty"},
    {"predicate": {"custom_model_data": 626005},"model": "item/diaper_wet"},
    {"predicate": {"custom_model_data": 626008},"model": "item/tape"},
    {"predicate": {"custom_model_data": 626009},"model": "item/diaper"},
    {"predicate": {"custom_model_data": 626010},"model": "item/pullup_wet"},
    {"predicate": {"custom_model_data": 626011},"model": "item/diaper_thick_wet"},
    {"predicate": {"custom_model_data": 626019},"model": "item/underwear_wet"},
    {"predicate": {"custom_model_data": 626020},"model": "item/underwear_mess"},
    {"predicate": {"custom_model_data": 626021},"model": "item/underwear_wetmess"},
    {"predicate": {"custom_model_data": 627000},"model": "item/crib_acacia"},
    {"predicate": {"custom_model_data": 627001},"model": "item/crib_birch"},
    {"predicate": {"custom_model_data": 627002},"model": "item/crib_dark_oak"},
    {"predicate": {"custom_model_data": 627003},"model": "item/crib_jungle"},
    {"predicate": {"custom_model_data": 627004},"model": "item/crib_mangrove"},
    {"predicate": {"custom_model_data": 627005},"model": "item/crib_oak"},
    {"predicate": {"custom_model_data": 627006},"model": "item/crib_spruce"},
    {"predicate": {"custom_model_data": 627007},"model": "item/crib_warped"},
    {"predicate": {"custom_model_data": 627008},"model": "item/crib_cherry"},
    {"predicate": {"custom_model_data": 627009},"model": "item/crib_quartz"},
    {"predicate": {"custom_model_data": 628000},"model": "item/diaperpail2"}
  ]
}