{
    "providers": [
        {
         "type": "bitmap",
         "file": "minecraft:custom/clean.png",
		 "ascent": 70,
         "height": 90,
         "chars": ["\uE000"]
		 },
	  {
         "type": "bitmap",
         "file": "minecraft:custom/mess1.png",
		 "ascent": 70,
         "height": 90,
         "chars": ["\uE001"]
		 },
	  {
         "type": "bitmap",
         "file": "minecraft:custom/mess2.png",
		 "ascent": 70,
         "height": 90,
         "chars": ["\uE002"]
		 },
	  {
         "type": "bitmap",
         "file": "minecraft:custom/mess3.png",
		 "ascent": 70,
         "height": 90,
         "chars": ["\uE003"]
		 },
	  {
         "type": "bitmap",
         "file": "minecraft:custom/wet1.png",
		 "ascent": 70,
         "height": 90,
         "chars": ["\uE004"]
		 },
	  {
         "type": "bitmap",
         "file": "minecraft:custom/wet1mess1.png",
		 "ascent": 70,
         "height": 90,
         "chars": ["\uE005"]
		 },
	  {
         "type": "bitmap",
         "file": "minecraft:custom/wet1mess2.png",
		 "ascent": 70,
         "height": 90,
         "chars": ["\uE006"]
		 },
	  {
         "type": "bitmap",
         "file": "minecraft:custom/wet1mess3.png",
		 "ascent": 70,
         "height": 90,
         "chars": ["\uE007"]
		 },
	  {
         "type": "bitmap",
         "file": "minecraft:custom/wet2.png",
		 "ascent": 70,
         "height": 90,
         "chars": ["\uE008"]
		 },
	  {
         "type": "bitmap",
         "file": "minecraft:custom/wet2mess1.png",
		 "ascent": 70,
         "height": 90,
         "chars": ["\uE009"]
		 },
	  {
         "type": "bitmap",
         "file": "minecraft:custom/wet2mess2.png",
		 "ascent": 70,
         "height": 90,
         "chars": ["\uE00a"]
		 },
	  {
         "type": "bitmap",
         "file": "minecraft:custom/wet2mess3.png",
		 "ascent": 70,
         "height": 90,
         "chars": ["\uE00b"]
		 },
	  {
         "type": "bitmap",
         "file": "minecraft:custom/wet3.png",
		 "ascent": 70,
         "height": 90,
         "chars": ["\uE00c"]
		 },
	  {
         "type": "bitmap",
         "file": "minecraft:custom/wet3mess1.png",
		 "ascent": 70,
         "height": 90,
         "chars": ["\uE00d"]
		 },
	  {
         "type": "bitmap",
         "file": "minecraft:custom/wet3mess2.png",
		 "ascent": 70,
         "height": 90,
         "chars": ["\uE00e"]
		 },
	  {
         "type": "bitmap",
         "file": "minecraft:custom/wet3mess3.png",
		 "ascent": 70,
         "height": 90,
         "chars": ["\uE00f"]
		 },
	  {
         "type": "bitmap",
         "file": "minecraft:custom/wet4.png",
		 "ascent": 70,
         "height": 90,
         "chars": ["\uE010"]
		 },
	  {
         "type": "bitmap",
         "file": "minecraft:custom/wet4mess1.png",
		 "ascent": 70,
         "height": 90,
         "chars": ["\uE011"]
		 },
	  {
         "type": "bitmap",
         "file": "minecraft:custom/wet4mess2.png",
		 "ascent": 70,
         "height": 90,
         "chars": ["\uE012"]
		 },
	  {
         "type": "bitmap",
         "file": "minecraft:custom/wet4mess3.png",
		 "ascent": 70,
         "height": 90,
         "chars": ["\uE013"]
		 },
	  {
         "type": "bitmap",
         "file": "minecraft:custom/wet5.png",
		 "ascent": 70,
         "height": 90,
         "chars": ["\uE014"]
		 },
	  {
         "type": "bitmap",
         "file": "minecraft:custom/wet5mess1.png",
		 "ascent": 70,
         "height": 90,
         "chars": ["\uE015"]
		 },
	  {
         "type": "bitmap",
         "file": "minecraft:custom/wet5mess2.png",
		 "ascent": 70,
         "height": 90,
         "chars": ["\uE016"]
		 },
	  {
         "type": "bitmap",
         "file": "minecraft:custom/wet5mess3.png",
		 "ascent": 70,
         "height": 90,
         "chars": ["\uE017"]
		 },
	  {
         "type": "bitmap",
         "file": "minecraft:custom/undies_clean.png",
		 "ascent": 70,
         "height": 90,
         "chars": ["\uE018"]
		 },
	  {
         "type": "bitmap",
         "file": "minecraft:custom/undies_mess.png",
		 "ascent": 70,
         "height": 90,
         "chars": ["\uE019"]
		 },
	  {
         "type": "bitmap",
         "file": "minecraft:custom/undies_wet.png",
		 "ascent": 70,
         "height": 90,
         "chars": ["\uE01a"]
		 },
	  {
         "type": "bitmap",
         "file": "minecraft:custom/undies_wetmess.png",
		 "ascent": 70,
         "height": 90,
         "chars": ["\uE01b"]
		 },
	{
         "type": "bitmap",
         "file": "minecraft:custom/clean.png",
		 "ascent": 15,
         "height": 50,
         "chars": ["\uE01c"]
		 },
	  {
         "type": "bitmap",
         "file": "minecraft:custom/mess1.png",
		 "ascent": 15,
         "height": 50,
         "chars": ["\uE01d"]
		 },
	  {
         "type": "bitmap",
         "file": "minecraft:custom/mess2.png",
		 "ascent": 15,
         "height": 50,
         "chars": ["\uE01e"]
		 },
	  {
         "type": "bitmap",
         "file": "minecraft:custom/mess3.png",
		 "ascent": 15,
         "height": 50,
         "chars": ["\uE01f"]
		 },
	  {
         "type": "bitmap",
         "file": "minecraft:custom/wet1.png",
		 "ascent": 15,
         "height": 50,
         "chars": ["\uE020"]
		 },
	  {
         "type": "bitmap",
         "file": "minecraft:custom/wet1mess1.png",
		 "ascent": 15,
         "height": 50,
         "chars": ["\uE021"]
		 },
	  {
         "type": "bitmap",
         "file": "minecraft:custom/wet1mess2.png",
		 "ascent": 15,
         "height": 50,
         "chars": ["\uE022"]
		 },
	  {
         "type": "bitmap",
         "file": "minecraft:custom/wet1mess3.png",
		 "ascent": 15,
         "height": 50,
         "chars": ["\uE023"]
		 },
	  {
         "type": "bitmap",
         "file": "minecraft:custom/wet2.png",
		 "ascent": 15,
         "height": 50,
         "chars": ["\uE024"]
		 },
	  {
         "type": "bitmap",
         "file": "minecraft:custom/wet2mess1.png",
		 "ascent": 20,
         "height": 50,
         "chars": ["\uE025"]
		 },
	  {
         "type": "bitmap",
         "file": "minecraft:custom/wet2mess2.png",
		 "ascent": 15,
         "height": 50,
         "chars": ["\uE026"]
		 },
	  {
         "type": "bitmap",
         "file": "minecraft:custom/wet2mess3.png",
		 "ascent": 15,
         "height": 50,
         "chars": ["\uE027"]
		 },
	  {
         "type": "bitmap",
         "file": "minecraft:custom/wet3.png",
		 "ascent": 15,
         "height": 50,
         "chars": ["\uE028"]
		 },
	  {
         "type": "bitmap",
         "file": "minecraft:custom/wet3mess1.png",
		 "ascent": 15,
         "height": 50,
         "chars": ["\uE029"]
		 },
	  {
         "type": "bitmap",
         "file": "minecraft:custom/wet3mess2.png",
		 "ascent": 15,
         "height": 50,
         "chars": ["\uE02a"]
		 },
	  {
         "type": "bitmap",
         "file": "minecraft:custom/wet3mess3.png",
		 "ascent": 15,
         "height": 50,
         "chars": ["\uE02b"]
		 },
	  {
         "type": "bitmap",
         "file": "minecraft:custom/wet4.png",
		 "ascent": 15,
         "height": 50,
         "chars": ["\uE02c"]
		 },
	  {
         "type": "bitmap",
         "file": "minecraft:custom/wet4mess1.png",
		 "ascent": 15,
         "height": 50,
         "chars": ["\uE02d"]
		 },
	  {
         "type": "bitmap",
         "file": "minecraft:custom/wet4mess2.png",
		 "ascent": 15,
         "height": 50,
         "chars": ["\uE02e"]
		 },
	  {
         "type": "bitmap",
         "file": "minecraft:custom/wet4mess3.png",
		 "ascent": 15,
         "height": 50,
         "chars": ["\uE02f"]
		 },
	  {
         "type": "bitmap",
         "file": "minecraft:custom/wet5.png",
		 "ascent": 15,
         "height": 50,
         "chars": ["\uE030"]
		 },
	  {
         "type": "bitmap",
         "file": "minecraft:custom/wet5mess1.png",
		 "ascent": 15,
         "height": 50,
         "chars": ["\uE031"]
		 },
	  {
         "type": "bitmap",
         "file": "minecraft:custom/wet5mess2.png",
		 "ascent": 15,
         "height": 50,
         "chars": ["\uE032"]
		 },
	  {
         "type": "bitmap",
         "file": "minecraft:custom/wet5mess3.png",
		 "ascent": 15,
         "height": 50,
         "chars": ["\uE033"]
		 },
	  {
         "type": "bitmap",
         "file": "minecraft:custom/undies_clean.png",
		 "ascent": 15,
         "height": 50,
         "chars": ["\uE034"]
		 },
	  {
         "type": "bitmap",
         "file": "minecraft:custom/undies_mess.png",
		 "ascent": 15,
         "height": 50,
         "chars": ["\uE035"]
		 },
	  {
         "type": "bitmap",
         "file": "minecraft:custom/undies_wet.png",
		 "ascent": 15,
         "height": 50,
         "chars": ["\uE036"]
		 },
	  {
         "type": "bitmap",
         "file": "minecraft:custom/undies_wetmess.png",
		 "ascent": 15,
         "height": 50,
         "chars": ["\uE037"]
		 },
	{
         "type": "bitmap",
         "file": "minecraft:custom/undies_wet.png",
		 "ascent": 15,
         "height": 50,
         "chars": ["\uE040"]
		 },
	{
         "type": "bitmap",
         "file": "minecraft:custom/undies_wet.png",
		 "ascent": 70,
         "height": 90,
         "chars": ["\uE041"]
		 },
        {
            "type": "bitmap",
            "file": "minecraft:custom/peeicon.png",
            "ascent": 5,
            "height": 22,
            "chars": ["\uE042"]
        },
	{
            "type": "bitmap",
            "file": "minecraft:custom/peeicon.png",
            "ascent": 0,
            "height": 22,
            "chars": ["\uE046"]
        },
	{
            "type": "bitmap",
            "file": "minecraft:custom/bladder_empty.png",
            "ascent": 0,
            "height": 22,
            "chars": ["\uE047"]
        },
        {
            "type": "bitmap",
            "file": "minecraft:custom/water_full.png",
            "ascent": -4,
            "height": 22,
            "chars": ["\uE043"]
        },
        {
            "type": "bitmap",
            "file": "minecraft:custom/water_empty.png",
            "ascent": -4,
            "height": 22,
            "chars": ["\uE044"]
        },
        {
            "type": "bitmap",
            "file": "minecraft:custom/bladder_empty.png",
            "ascent": 5,
            "height": 22,
            "chars": ["\uE045"]
        },
	{
            "type": "bitmap",
            "file": "minecraft:custom/poopicon.png",
            "ascent": 3,
            "height": 9,
            "chars": ["\uE048"]
        },
        {
            "type": "bitmap",
            "file": "minecraft:custom/poop_empty.png",
            "ascent": 3,
            "height": 9,
            "chars": ["\uE049"]
        },
	{
            "type": "bitmap",
            "file": "minecraft:custom/poopicon.png",
            "ascent": 9,
            "height": 9,
            "chars": ["\uE052"]
        },
        {
            "type": "bitmap",
            "file": "minecraft:custom/poop_empty.png",
            "ascent": 9,
            "height": 9,
            "chars": ["\uE053"]
        },
	{
            "type": "bitmap",
            "file": "minecraft:custom/peeicon_small.png",
            "ascent": 9,
            "height": 11,
            "chars": ["\uE050"]
        },
        {
            "type": "bitmap",
            "file": "minecraft:custom/bladder_empty_small.png",
            "ascent": 7,
            "height": 11,
            "chars": ["\uE051"]
        },
        {
         "type": "bitmap",
         "file": "minecraft:custom/layout2.png",
	 "ascent": 120,
         "height": 142,
         "chars": ["\uF001"]
	},
	{
         "type": "bitmap",
         "file": "minecraft:custom/ddlogo.png",
	 "ascent": 90,
         "height": 90,
         "chars": ["\uF002"]
	},
	{
         "type": "bitmap",
         "file": "minecraft:custom/clean.png",
		 "ascent": -40,
         "height": 25,
         "chars": ["\uE11c"]
		 },
	  {
         "type": "bitmap",
         "file": "minecraft:custom/mess1.png",
		 "ascent": -40,
         "height": 25,
         "chars": ["\uE11d"]
		 },
	  {
         "type": "bitmap",
         "file": "minecraft:custom/mess2.png",
		 "ascent": -40,
         "height": 25,
         "chars": ["\uE11e"]
		 },
	  {
         "type": "bitmap",
         "file": "minecraft:custom/mess3.png",
		 "ascent": -40,
         "height": 25,
         "chars": ["\uE11f"]
		 },
	  {
         "type": "bitmap",
         "file": "minecraft:custom/wet1.png",
		 "ascent": -40,
         "height": 25,
         "chars": ["\uE120"]
		 },
	  {
         "type": "bitmap",
         "file": "minecraft:custom/wet1mess1.png",
		 "ascent": -40,
         "height": 25,
         "chars": ["\uE121"]
		 },
	  {
         "type": "bitmap",
         "file": "minecraft:custom/wet1mess2.png",
		 "ascent": -40,
         "height": 25,
         "chars": ["\uE122"]
		 },
	  {
         "type": "bitmap",
         "file": "minecraft:custom/wet1mess3.png",
		 "ascent": -40,
         "height": 25,
         "chars": ["\uE123"]
		 },
	  {
         "type": "bitmap",
         "file": "minecraft:custom/wet2.png",
		 "ascent": -40,
         "height": 25,
         "chars": ["\uE124"]
		 },
	  {
         "type": "bitmap",
         "file": "minecraft:custom/wet2mess1.png",
		 "ascent": -40,
         "height": 25,
         "chars": ["\uE125"]
		 },
	  {
         "type": "bitmap",
         "file": "minecraft:custom/wet2mess2.png",
		 "ascent": -40,
         "height": 25,
         "chars": ["\uE126"]
		 },
	  {
         "type": "bitmap",
         "file": "minecraft:custom/wet2mess3.png",
		 "ascent": -40,
         "height": 25,
         "chars": ["\uE127"]
		 },
	  {
         "type": "bitmap",
         "file": "minecraft:custom/wet3.png",
		 "ascent": -40,
         "height": 25,
         "chars": ["\uE128"]
		 },
	  {
         "type": "bitmap",
         "file": "minecraft:custom/wet3mess1.png",
		 "ascent": -40,
         "height": 25,
         "chars": ["\uE129"]
		 },
	  {
         "type": "bitmap",
         "file": "minecraft:custom/wet3mess2.png",
		 "ascent": -40,
         "height": 25,
         "chars": ["\uE12a"]
		 },
	  {
         "type": "bitmap",
         "file": "minecraft:custom/wet3mess3.png",
		 "ascent": -40,
         "height": 25,
         "chars": ["\uE12b"]
		 },
	  {
         "type": "bitmap",
         "file": "minecraft:custom/wet4.png",
		 "ascent": -40,
         "height": 25,
         "chars": ["\uE12c"]
		 },
	  {
         "type": "bitmap",
         "file": "minecraft:custom/wet4mess1.png",
		 "ascent": -40,
         "height": 25,
         "chars": ["\uE12d"]
		 },
	  {
         "type": "bitmap",
         "file": "minecraft:custom/wet4mess2.png",
		 "ascent": -40,
         "height": 25,
         "chars": ["\uE12e"]
		 },
	  {
         "type": "bitmap",
         "file": "minecraft:custom/wet4mess3.png",
		 "ascent": -40,
         "height": 25,
         "chars": ["\uE12f"]
		 },
	  {
         "type": "bitmap",
         "file": "minecraft:custom/wet5.png",
		 "ascent": -40,
         "height": 25,
         "chars": ["\uE130"]
		 },
	  {
         "type": "bitmap",
         "file": "minecraft:custom/wet5mess1.png",
		 "ascent": -40,
         "height": 25,
         "chars": ["\uE131"]
		 },
	  {
         "type": "bitmap",
         "file": "minecraft:custom/wet5mess2.png",
		 "ascent": -40,
         "height": 25,
         "chars": ["\uE132"]
		 },
	  {
         "type": "bitmap",
         "file": "minecraft:custom/wet5mess3.png",
		 "ascent": -40,
         "height": 25,
         "chars": ["\uE133"]
		 },
	  {
         "type": "bitmap",
         "file": "minecraft:custom/undies_clean.png",
		 "ascent": -40,
         "height": 25,
         "chars": ["\uE134"]
		 },
	  {
         "type": "bitmap",
         "file": "minecraft:custom/undies_mess.png",
		 "ascent": -40,
         "height": 25,
         "chars": ["\uE135"]
		 },
	  {
         "type": "bitmap",
         "file": "minecraft:custom/undies_wet.png",
		 "ascent": -40,
         "height": 25,
         "chars": ["\uE136"]
		 },
	  {
         "type": "bitmap",
         "file": "minecraft:custom/undies_wetmess.png",
		 "ascent": -40,
         "height": 25,
         "chars": ["\uE137"]
		 },
        {
            "type": "bitmap",
            "file": "space:font/space_split.png",
            "ascent": -32768,
            "height": -3,
            "chars": [
                "\uF801"
            ]
        },
        {
            "type": "bitmap",
            "file": "space:font/space_split.png",
            "ascent": -32768,
            "height": -4,
            "chars": [
                "\uF802"
            ]
        },
        {
            "type": "bitmap",
            "file": "space:font/space_split.png",
            "ascent": -32768,
            "height": -5,
            "chars": [
                "\uF803"
            ]
        },
        {
            "type": "bitmap",
            "file": "space:font/space_split.png",
            "ascent": -32768,
            "height": -6,
            "chars": [
                "\uF804"
            ]
        },
        {
            "type": "bitmap",
            "file": "space:font/space_split.png",
            "ascent": -32768,
            "height": -7,
            "chars": [
                "\uF805"
            ]
        },
        {
            "type": "bitmap",
            "file": "space:font/space_split.png",
            "ascent": -32768,
            "height": -8,
            "chars": [
                "\uF806"
            ]
        },
        {
            "type": "bitmap",
            "file": "space:font/space_split.png",
            "ascent": -32768,
            "height": -9,
            "chars": [
                "\uF807"
            ]
        },
        {
            "type": "bitmap",
            "file": "space:font/space_split.png",
            "ascent": -32768,
            "height": -10,
            "chars": [
                "\uF808"
            ]
        },
        {
            "type": "bitmap",
            "file": "space:font/space_split.png",
            "ascent": -32768,
            "height": -18,
            "chars": [
                "\uF809"
            ]
        },
        {
            "type": "bitmap",
            "file": "space:font/space_split.png",
            "ascent": -32768,
            "height": -34,
            "chars": [
                "\uF80A"
            ]
        },
        {
            "type": "bitmap",
            "file": "space:font/space_split.png",
            "ascent": -32768,
            "height": -66,
            "chars": [
                "\uF80B"
            ]
        },
        {
            "type": "bitmap",
            "file": "space:font/space_split.png",
            "ascent": -32768,
            "height": -130,
            "chars": [
                "\uF80C"
            ]
        },
        {
            "type": "bitmap",
            "file": "space:font/space_split.png",
            "ascent": -32768,
            "height": -258,
            "chars": [
                "\uF80D"
            ]
        },
        {
            "type": "bitmap",
            "file": "space:font/space_split.png",
            "ascent": -32768,
            "height": -514,
            "chars": [
                "\uF80E"
            ]
        },
        {
            "type": "bitmap",
            "file": "space:font/space_split.png",
            "ascent": -32768,
            "height": -1026,
            "chars": [
                "\uF80F"
            ]
        },
        {
            "type": "bitmap",
            "file": "space:font/space_split.png",
            "ascent": -65536,
            "height": -32770,
            "chars": [
                "\uF800"
            ]
        },
        {
            "type": "bitmap",
            "file": "space:font/space_split.png",
            "ascent": -32768,
            "height": 0,
            "chars": [
                "\uF821"
            ]
        },
        {
            "type": "bitmap",
            "file": "space:font/space_split.png",
            "ascent": -32768,
            "height": 1,
            "chars": [
                "\uF822"
            ]
        },
        {
            "type": "bitmap",
            "file": "space:font/space_split.png",
            "ascent": -32768,
            "height": 2,
            "chars": [
                "\uF823"
            ]
        },
        {
            "type": "bitmap",
            "file": "space:font/space_split.png",
            "ascent": -32768,
            "height": 3,
            "chars": [
                "\uF824"
            ]
        },
        {
            "type": "bitmap",
            "file": "space:font/space_split.png",
            "ascent": -32768,
            "height": 4,
            "chars": [
                "\uF825"
            ]
        },
        {
            "type": "bitmap",
            "file": "space:font/space_split.png",
            "ascent": -32768,
            "height": 5,
            "chars": [
                "\uF826"
            ]
        },
        {
            "type": "bitmap",
            "file": "space:font/space_split.png",
            "ascent": -32768,
            "height": 6,
            "chars": [
                "\uF827"
            ]
        },
        {
            "type": "bitmap",
            "file": "space:font/space_split.png",
            "ascent": -32768,
            "height": 7,
            "chars": [
                "\uF828"
            ]
        },
        {
            "type": "bitmap",
            "file": "space:font/space_split.png",
            "ascent": -32768,
            "height": 15,
            "chars": [
                "\uF829"
            ]
        },
        {
            "type": "bitmap",
            "file": "space:font/space_split.png",
            "ascent": -32768,
            "height": 31,
            "chars": [
                "\uF82A"
            ]
        },
        {
            "type": "bitmap",
            "file": "space:font/space_split.png",
            "ascent": -32768,
            "height": 63,
            "chars": [
                "\uF82B"
            ]
        },
        {
            "type": "bitmap",
            "file": "space:font/space_split.png",
            "ascent": -32768,
            "height": 127,
            "chars": [
                "\uF82C"
            ]
        },
        {
            "type": "bitmap",
            "file": "space:font/space_split.png",
            "ascent": -32768,
            "height": 255,
            "chars": [
                "\uF82D"
            ]
        },
        {
            "type": "bitmap",
            "file": "space:font/space_split.png",
            "ascent": -32768,
            "height": 511,
            "chars": [
                "\uF82E"
            ]
        },
        {
            "type": "bitmap",
            "file": "space:font/space_split.png",
            "ascent": -32768,
            "height": 1023,
            "chars": [
                "\uF82F"
            ]
        },
        {
            "type": "bitmap",
            "file": "space:font/space_split.png",
            "ascent": -65536,
            "height": 32767,
            "chars": [
                "\uF820"
            ]
        },
        {
            "type": "bitmap",
            "file": "space:font/space_nosplit.png",
            "ascent": -32768,
            "height": -3,
            "chars": [
                "\uF811"
            ]
        },
        {
            "type": "bitmap",
            "file": "space:font/space_nosplit.png",
            "ascent": -32768,
            "height": -4,
            "chars": [
                "\uF812"
            ]
        },
        {
            "type": "bitmap",
            "file": "space:font/space_nosplit.png",
            "ascent": -32768,
            "height": -5,
            "chars": [
                "\uF813"
            ]
        },
        {
            "type": "bitmap",
            "file": "space:font/space_nosplit.png",
            "ascent": -32768,
            "height": -6,
            "chars": [
                "\uF814"
            ]
        },
        {
            "type": "bitmap",
            "file": "space:font/space_nosplit.png",
            "ascent": -32768,
            "height": -7,
            "chars": [
                "\uF815"
            ]
        },
        {
            "type": "bitmap",
            "file": "space:font/space_nosplit.png",
            "ascent": -32768,
            "height": -8,
            "chars": [
                "\uF816"
            ]
        },
        {
            "type": "bitmap",
            "file": "space:font/space_nosplit.png",
            "ascent": -32768,
            "height": -9,
            "chars": [
                "\uF817"
            ]
        },
        {
            "type": "bitmap",
            "file": "space:font/space_nosplit.png",
            "ascent": -32768,
            "height": -10,
            "chars": [
                "\uF818"
            ]
        },
        {
            "type": "bitmap",
            "file": "space:font/space_nosplit.png",
            "ascent": -32768,
            "height": -18,
            "chars": [
                "\uF819"
            ]
        },
        {
            "type": "bitmap",
            "file": "space:font/space_nosplit.png",
            "ascent": -32768,
            "height": -34,
            "chars": [
                "\uF81A"
            ]
        },
        {
            "type": "bitmap",
            "file": "space:font/space_nosplit.png",
            "ascent": -32768,
            "height": -66,
            "chars": [
                "\uF81B"
            ]
        },
        {
            "type": "bitmap",
            "file": "space:font/space_nosplit.png",
            "ascent": -32768,
            "height": -82,
            "chars": [
                "\uF81C"
            ]
        },
        {
            "type": "bitmap",
            "file": "space:font/space_nosplit.png",
            "ascent": -32768,
            "height": -258,
            "chars": [
                "\uF81D"
            ]
        },
        {
            "type": "bitmap",
            "file": "space:font/space_nosplit.png",
            "ascent": -32768,
            "height": -514,
            "chars": [
                "\uF81E"
            ]
        },
        {
            "type": "bitmap",
            "file": "space:font/space_nosplit.png",
            "ascent": -32768,
            "height": -1026,
            "chars": [
                "\uF81F"
            ]
        },
        {
            "type": "bitmap",
            "file": "space:font/space_nosplit.png",
            "ascent": -65536,
            "height": -32770,
            "chars": [
                "\uF810"
            ]
        },
        {
            "type": "bitmap",
            "file": "space:font/space_nosplit.png",
            "ascent": -32768,
            "height": 0,
            "chars": [
                "\uF831"
            ]
        },
        {
            "type": "bitmap",
            "file": "space:font/space_nosplit.png",
            "ascent": -32768,
            "height": 1,
            "chars": [
                "\uF832"
            ]
        },
        {
            "type": "bitmap",
            "file": "space:font/space_nosplit.png",
            "ascent": -32768,
            "height": 2,
            "chars": [
                "\uF833"
            ]
        },
        {
            "type": "bitmap",
            "file": "space:font/space_nosplit.png",
            "ascent": -32768,
            "height": 3,
            "chars": [
                "\uF834"
            ]
        },
        {
            "type": "bitmap",
            "file": "space:font/space_nosplit.png",
            "ascent": -32768,
            "height": 4,
            "chars": [
                "\uF835"
            ]
        },
        {
            "type": "bitmap",
            "file": "space:font/space_nosplit.png",
            "ascent": -32768,
            "height": 5,
            "chars": [
                "\uF836"
            ]
        },
        {
            "type": "bitmap",
            "file": "space:font/space_nosplit.png",
            "ascent": -32768,
            "height": 6,
            "chars": [
                "\uF837"
            ]
        },
        {
            "type": "bitmap",
            "file": "space:font/space_nosplit.png",
            "ascent": -32768,
            "height": 7,
            "chars": [
                "\uF838"
            ]
        },
        {
            "type": "bitmap",
            "file": "space:font/space_nosplit.png",
            "ascent": -32768,
            "height": 15,
            "chars": [
                "\uF839"
            ]
        },
        {
            "type": "bitmap",
            "file": "space:font/space_nosplit.png",
            "ascent": -32768,
            "height": 31,
            "chars": [
                "\uF83A"
            ]
        },
        {
            "type": "bitmap",
            "file": "space:font/space_nosplit.png",
            "ascent": -32768,
            "height": 63,
            "chars": [
                "\uF83B"
            ]
        },
        {
            "type": "bitmap",
            "file": "space:font/space_nosplit.png",
            "ascent": -32768,
            "height": 96,
            "chars": [
                "\uF83C"
            ]
        },
        {
            "type": "bitmap",
            "file": "space:font/space_nosplit.png",
            "ascent": -32768,
            "height": 255,
            "chars": [
                "\uF83D"
            ]
        },
        {
            "type": "bitmap",
            "file": "space:font/space_nosplit.png",
            "ascent": -32768,
            "height": 511,
            "chars": [
                "\uF83E"
            ]
        },
        {
            "type": "bitmap",
            "file": "space:font/space_nosplit.png",
            "ascent": -32768,
            "height": 1023,
            "chars": [
                "\uF83F"
            ]
        },
        {
            "type": "bitmap",
            "file": "space:font/space_nosplit.png",
            "ascent": -65536,
            "height": 32767,
            "chars": [
                "\uF830"
            ]
        }
    ]
}