{
  "parent": "minecraft:item/generated",
  "textures": {
    "layer0": "minecraft:item/slime_ball"
  },
  "overrides": [
    {"predicate": {"custom_model_data": 625000},"model": "item/sound_enable"},
    {"predicate": {"custom_model_data": 625001},"model": "item/sound_disable"},
    {"predicate": {"custom_model_data": 625002},"model": "item/announce"},
    {"predicate": {"custom_model_data": 625003},"model": "item/announce_no"},
    {"predicate": {"custom_model_data": 625004},"model": "item/hear"},
    {"predicate": {"custom_model_data": 625005},"model": "item/hear_disable"},
    {"predicate": {"custom_model_data": 625006},"model": "item/caregiver"},
    {"predicate": {"custom_model_data": 626001},"model": "item/diaper_thick"},
    {"predicate": {"custom_model_data": 626002},"model": "item/underwear"},
    {"predicate": {"custom_model_data": 626003},"model": "item/pullup"},
    {"predicate": {"custom_model_data": 626004},"model": "item/diaper_dirty"},
    {"predicate": {"custom_model_data": 626005},"model": "item/diaper_wet"},
    {"predicate": {"custom_model_data": 626008},"model": "item/tape"},
    {"predicate": {"custom_model_data": 626009},"model": "item/diaper"},
    {"predicate": {"custom_model_data": 626010},"model": "item/pullup_wet"},
    {"predicate": {"custom_model_data": 626011},"model": "item/diaper_thick_wet"},
    {"predicate": {"custom_model_data": 626019},"model": "item/underwear_wet"},
    {"predicate": {"custom_model_data": 626020},"model": "item/underwear_mess"},
    {"predicate": {"custom_model_data": 626021},"model": "item/underwear_wetmess"}
  ]
}