{
	"credit": "Made with Blockbench",
	"textures": {
		"0": "block/pink_wool",
		"1": "block/bone_block_side",
		"particle": "block/pink_wool"
	},
	"elements": [
		{
			"from": [-3, 16, 1],
			"to": [13, 17.75, 19],
			"rotation": {"angle": 0, "axis": "y", "origin": [7, 25, 15]},
			"faces": {
				"north": {"uv": [0, 0, 15.5, 15.5], "texture": "#1"},
				"east": {"uv": [0, 0, 15.5, 15.5], "texture": "#1"},
				"south": {"uv": [0, 0, 15.5, 15.5], "texture": "#1"},
				"west": {"uv": [0, 0, 15.5, 15.5], "texture": "#1"},
				"up": {"uv": [0, 0, 15.5, 15.5], "texture": "#0"},
				"down": {"uv": [0, 0, 15.5, 15.5], "texture": "#1"}
			}
		},
		{
			"from": [10, 17.5, 1],
			"to": [14.5, 26, 3],
			"rotation": {"angle": 0, "axis": "y", "origin": [7, 26, 0]},
			"faces": {
				"north": {"uv": [0, 0, 15.5, 15.5], "texture": "#1"},
				"east": {"uv": [0, 0, 15.5, 15.5], "texture": "#1"},
				"south": {"uv": [0, 0, 15.5, 15.5], "texture": "#1"},
				"west": {"uv": [0, 0, 15.5, 15.5], "texture": "#1"},
				"up": {"uv": [0, 0, 15.5, 15.5], "texture": "#1"},
				"down": {"uv": [0, 0, 15.5, 15.5], "texture": "#1"}
			}
		},
		{
			"from": [10.5, -1, 18],
			"to": [12.5, 17, 20],
			"rotation": {"angle": 22.5, "axis": "z", "origin": [5, 17, 17]},
			"faces": {
				"north": {"uv": [0, 0, 15.5, 15.5], "texture": "#1"},
				"east": {"uv": [0, 0, 15.5, 15.5], "texture": "#1"},
				"south": {"uv": [0, 0, 15.5, 15.5], "texture": "#1"},
				"west": {"uv": [0, 0, 15.5, 15.5], "texture": "#1"},
				"up": {"uv": [0, 0, 15.5, 15.5], "texture": "#1"},
				"down": {"uv": [0, 0, 15.5, 15.5], "texture": "#1"}
			}
		},
		{
			"from": [10.5, -1, 0],
			"to": [12.5, 17, 2],
			"rotation": {"angle": 22.5, "axis": "z", "origin": [5, 17, -1]},
			"faces": {
				"north": {"uv": [0, 0, 15.5, 15.5], "texture": "#1"},
				"east": {"uv": [0, 0, 15.5, 15.5], "texture": "#1"},
				"south": {"uv": [0, 0, 15.5, 15.5], "texture": "#1"},
				"west": {"uv": [0, 0, 15.5, 15.5], "texture": "#1"},
				"up": {"uv": [0, 0, 15.5, 15.5], "texture": "#1"},
				"down": {"uv": [0, 0, 15.5, 15.5], "texture": "#1"}
			}
		},
		{
			"from": [5, 2.5, 18],
			"to": [7, 20.5, 20],
			"rotation": {"angle": -22.5, "axis": "z", "origin": [0, 35.5, 17]},
			"faces": {
				"north": {"uv": [0, 0, 15.5, 15.5], "texture": "#1"},
				"east": {"uv": [0, 0, 15.5, 15.5], "texture": "#1"},
				"south": {"uv": [0, 0, 15.5, 15.5], "texture": "#1"},
				"west": {"uv": [0, 0, 15.5, 15.5], "texture": "#1"},
				"up": {"uv": [0, 0, 15.5, 15.5], "texture": "#1"},
				"down": {"uv": [0, 0, 15.5, 15.5], "texture": "#1"}
			}
		},
		{
			"from": [5, 2.5, 0],
			"to": [7, 20.5, 2],
			"rotation": {"angle": -22.5, "axis": "z", "origin": [0, 35.5, -1]},
			"faces": {
				"north": {"uv": [0, 0, 15.5, 15.5], "texture": "#1"},
				"east": {"uv": [0, 0, 15.5, 15.5], "texture": "#1"},
				"south": {"uv": [0, 0, 15.5, 15.5], "texture": "#1"},
				"west": {"uv": [0, 0, 15.5, 15.5], "texture": "#1"},
				"up": {"uv": [0, 0, 15.5, 15.5], "texture": "#1"},
				"down": {"uv": [0, 0, 15.5, 15.5], "texture": "#1"}
			}
		},
		{
			"from": [10, 26, 3],
			"to": [23, 27, 17],
			"rotation": {"angle": 0, "axis": "y", "origin": [7, 32, 0]},
			"faces": {
				"north": {"uv": [0, 0, 15.5, 15.5], "texture": "#1"},
				"east": {"uv": [0, 0, 15.5, 15.5], "texture": "#1"},
				"south": {"uv": [0, 0, 15.5, 15.5], "texture": "#1"},
				"west": {"uv": [0, 0, 15.5, 15.5], "texture": "#1"},
				"up": {"uv": [5, 0, 16, 14.5], "texture": "#0"},
				"down": {"uv": [0, 0, 15.5, 15.5], "texture": "#1"}
			}
		},
		{
			"from": [-3, 26, 17],
			"to": [23, 27, 22],
			"rotation": {"angle": 0, "axis": "y", "origin": [-6, 32, 13]},
			"faces": {
				"north": {"uv": [0, 0, 15.5, 15.5], "texture": "#1"},
				"east": {"uv": [0, 0, 15.5, 15.5], "texture": "#1"},
				"south": {"uv": [0, 0, 15.5, 15.5], "texture": "#1"},
				"west": {"uv": [0, 0, 15.5, 15.5], "texture": "#1"},
				"up": {"uv": [0, 0, 16, 5], "texture": "#0"},
				"down": {"uv": [0, 0, 15.5, 15.5], "texture": "#1"}
			}
		},
		{
			"from": [-3, 26, -2],
			"to": [23, 27, 3],
			"rotation": {"angle": 0, "axis": "y", "origin": [-6, 32, -6]},
			"faces": {
				"north": {"uv": [0, 0, 15.5, 15.5], "texture": "#1"},
				"east": {"uv": [0, 0, 15.5, 15.5], "texture": "#1"},
				"south": {"uv": [0, 0, 15.5, 15.5], "texture": "#1"},
				"west": {"uv": [0, 0, 15.5, 15.5], "texture": "#1"},
				"up": {"uv": [0, 0, 16, 5], "texture": "#0"},
				"down": {"uv": [0, 0, 15.5, 15.5], "texture": "#1"}
			}
		},
		{
			"from": [-6.5, 2.5, 0],
			"to": [18, 5, 2],
			"rotation": {"angle": 0, "axis": "y", "origin": [-10, 9.5, -4]},
			"faces": {
				"north": {"uv": [0, 0, 15.5, 15.5], "texture": "#1"},
				"east": {"uv": [0, 0, 15.5, 15.5], "texture": "#1"},
				"south": {"uv": [0, 0, 15.5, 15.5], "texture": "#1"},
				"west": {"uv": [0, 0, 15.5, 15.5], "texture": "#1"},
				"up": {"uv": [0, 0, 15.5, 15.5], "texture": "#1"},
				"down": {"uv": [0, 0, 15.5, 15.5], "texture": "#1"}
			}
		},
		{
			"from": [-6.5, 2.5, 18],
			"to": [18, 5, 20],
			"rotation": {"angle": 0, "axis": "y", "origin": [-10, 9.5, 14]},
			"faces": {
				"north": {"uv": [0, 0, 15.5, 15.5], "texture": "#1"},
				"east": {"uv": [0, 0, 15.5, 15.5], "texture": "#1"},
				"south": {"uv": [0, 0, 15.5, 15.5], "texture": "#1"},
				"west": {"uv": [0, 0, 15.5, 15.5], "texture": "#1"},
				"up": {"uv": [0, 0, 15.5, 15.5], "texture": "#1"},
				"down": {"uv": [0, 0, 15.5, 15.5], "texture": "#1"}
			}
		},
		{
			"from": [15, 10, -0.5],
			"to": [19, 11, 20],
			"rotation": {"angle": 0, "axis": "y", "origin": [11.5, 16, 14]},
			"faces": {
				"north": {"uv": [0, 0, 15.5, 15.5], "texture": "#1"},
				"east": {"uv": [0, 0, 15.5, 15.5], "texture": "#1"},
				"south": {"uv": [0, 0, 15.5, 15.5], "texture": "#1"},
				"west": {"uv": [0, 0, 15.5, 15.5], "texture": "#1"},
				"up": {"uv": [0, 0, 7, 16], "texture": "#0"},
				"down": {"uv": [0, 0, 15.5, 15.5], "texture": "#1"}
			}
		},
		{
			"from": [-3, 27, -2],
			"to": [23, 28, -1],
			"rotation": {"angle": 0, "axis": "y", "origin": [-6, 33, -6]},
			"faces": {
				"north": {"uv": [0, 0, 15.5, 15.5], "texture": "#1"},
				"east": {"uv": [0, 0, 15.5, 15.5], "texture": "#1"},
				"south": {"uv": [0, 0, 15.5, 15.5], "texture": "#1"},
				"west": {"uv": [0, 0, 15.5, 15.5], "texture": "#1"},
				"up": {"uv": [0, 0, 15.5, 15.5], "texture": "#1"},
				"down": {"uv": [0, 0, 15.5, 15.5], "texture": "#1"}
			}
		},
		{
			"from": [-3, 27, 21],
			"to": [23, 28, 22],
			"rotation": {"angle": 0, "axis": "y", "origin": [-6, 33, 17]},
			"faces": {
				"north": {"uv": [0, 0, 15.5, 15.5], "texture": "#1"},
				"east": {"uv": [0, 0, 15.5, 15.5], "texture": "#1"},
				"south": {"uv": [0, 0, 15.5, 15.5], "texture": "#1"},
				"west": {"uv": [0, 0, 15.5, 15.5], "texture": "#1"},
				"up": {"uv": [0, 0, 15.5, 15.5], "texture": "#1"},
				"down": {"uv": [0, 0, 15.5, 15.5], "texture": "#1"}
			}
		},
		{
			"from": [22, 27, -1],
			"to": [23, 28, 21],
			"rotation": {"angle": 0, "axis": "y", "origin": [-6, 33, 16]},
			"faces": {
				"north": {"uv": [0, 0, 15.5, 15.5], "texture": "#1"},
				"east": {"uv": [0, 0, 15.5, 15.5], "texture": "#1"},
				"south": {"uv": [0, 0, 15.5, 15.5], "texture": "#1"},
				"west": {"uv": [0, 0, 15.5, 15.5], "texture": "#1"},
				"up": {"uv": [0, 0, 15.5, 15.5], "texture": "#1"},
				"down": {"uv": [0, 0, 15.5, 15.5], "texture": "#1"}
			}
		},
		{
			"from": [-3, 27, -1],
			"to": [-2.1, 28, 21],
			"rotation": {"angle": 0, "axis": "y", "origin": [-31, 33, 16]},
			"faces": {
				"north": {"uv": [0, 0, 15.5, 15.5], "texture": "#1"},
				"east": {"uv": [0, 0, 15.5, 15.5], "texture": "#1"},
				"south": {"uv": [0, 0, 15.5, 15.5], "texture": "#1"},
				"west": {"uv": [0, 0, 15.5, 15.5], "texture": "#1"},
				"up": {"uv": [0, 0, 15.5, 15.5], "texture": "#1"},
				"down": {"uv": [0, 0, 15.5, 15.5], "texture": "#1"}
			}
		},
		{
			"from": [10, 17.5, 17],
			"to": [14.5, 26, 19],
			"rotation": {"angle": 0, "axis": "y", "origin": [7, 26, 16]},
			"faces": {
				"north": {"uv": [0, 0, 15.5, 15.5], "texture": "#1"},
				"east": {"uv": [0, 0, 15.5, 15.5], "texture": "#1"},
				"south": {"uv": [0, 0, 15.5, 15.5], "texture": "#1"},
				"west": {"uv": [0, 0, 15.5, 15.5], "texture": "#1"},
				"up": {"uv": [0, 0, 15.5, 15.5], "texture": "#1"},
				"down": {"uv": [0, 0, 15.5, 15.5], "texture": "#1"}
			}
		},
		{
			"from": [-2, 17.5, 17],
			"to": [2, 32, 19],
			"rotation": {"angle": 0, "axis": "y", "origin": [-5, 26, 16]},
			"faces": {
				"north": {"uv": [0, 0, 15.5, 15.5], "texture": "#1"},
				"east": {"uv": [0, 0, 15.5, 15.5], "texture": "#1"},
				"south": {"uv": [0, 0, 15.5, 15.5], "texture": "#1"},
				"west": {"uv": [0, 0, 15.5, 15.5], "texture": "#1"},
				"up": {"uv": [0, 0, 15.5, 15.5], "texture": "#1"},
				"down": {"uv": [0, 0, 15.5, 15.5], "texture": "#1"}
			}
		},
		{
			"from": [-2, 17.5, 1],
			"to": [2, 32, 3],
			"rotation": {"angle": 0, "axis": "y", "origin": [-5, 26, 0]},
			"faces": {
				"north": {"uv": [0, 0, 15.5, 15.5], "texture": "#1"},
				"east": {"uv": [0, 0, 15.5, 15.5], "texture": "#1"},
				"south": {"uv": [0, 0, 15.5, 15.5], "texture": "#1"},
				"west": {"uv": [0, 0, 15.5, 15.5], "texture": "#1"},
				"up": {"uv": [0, 0, 15.5, 15.5], "texture": "#1"},
				"down": {"uv": [0, 0, 15.5, 15.5], "texture": "#1"}
			}
		},
		{
			"from": [-4, 17.5, 2],
			"to": [-2, 32, 18],
			"rotation": {"angle": 0, "axis": "y", "origin": [-9, 26, 1]},
			"faces": {
				"north": {"uv": [0, 0, 15.5, 15.5], "texture": "#1"},
				"east": {"uv": [0, 0, 15.5, 15.5], "texture": "#1"},
				"south": {"uv": [0, 0, 15.5, 15.5], "texture": "#1"},
				"west": {"uv": [0, 0, 15.5, 15.5], "texture": "#1"},
				"up": {"uv": [0, 0, 15.5, 15.5], "texture": "#1"},
				"down": {"uv": [0, 0, 15.5, 15.5], "texture": "#1"}
			}
		},
		{
			"from": [-2, 17.5, 3],
			"to": [-1, 32, 17],
			"rotation": {"angle": 0, "axis": "y", "origin": [-8, 26, 1]},
			"faces": {
				"north": {"uv": [0, 0, 15.5, 15.5], "texture": "#0"},
				"east": {"uv": [0, 0, 15.5, 15.5], "texture": "#0"},
				"south": {"uv": [0, 0, 15.5, 15.5], "texture": "#0"},
				"west": {"uv": [0, 0, 15.5, 15.5], "texture": "#0"},
				"up": {"uv": [0, 0, 4.5, 10.5], "texture": "#0"},
				"down": {"uv": [0, 0, 15.5, 15.5], "texture": "#0"}
			}
		},
		{
			"from": [12, 17.5, 9],
			"to": [14.5, 26, 11],
			"rotation": {"angle": 0, "axis": "y", "origin": [7, 26, 21]},
			"faces": {
				"north": {"uv": [0, 0, 15.5, 15.5], "texture": "#1"},
				"east": {"uv": [0, 0, 15.5, 15.5], "texture": "#1"},
				"south": {"uv": [0, 0, 15.5, 15.5], "texture": "#1"},
				"west": {"uv": [0, 0, 15.5, 15.5], "texture": "#1"},
				"up": {"uv": [0, 0, 15.5, 15.5], "texture": "#1"},
				"down": {"uv": [0, 0, 15.5, 15.5], "texture": "#1"}
			}
		}
	],
	"display": {
		"thirdperson_righthand": {
			"rotation": [90, 90, 0],
			"translation": [-8, 0, -21.25],
			"scale": [0.9, 1, 0.9]
		},
		"head": {
			"rotation": [-1, 92, 0],
			"translation": [-2.25, -53.75, -2.75],
			"scale": [1.25, 1.25, 1.25]
		}
	}
}