{
	"credit": "Made with Blockbench",
	"parent": "block/block",
	"textures": {
		"6": "block/furnace_front",
		"8": "block/furnace_side",
		"9": "block/furnace_top",
		"particle": "block/furnace_front"
	},
	"elements": [
		{
			"from": [0, 0, 0],
			"to": [16, 8, 16],
			"faces": {
				"north": {"uv": [0, 15, 16, 8], "texture": "#6", "cullface": "north"},
				"east": {"uv": [0, 10, 16, 16], "texture": "#8", "cullface": "east"},
				"south": {"uv": [0, 10, 16, 16], "texture": "#8", "cullface": "south"},
				"west": {"uv": [0, 10, 16, 16], "texture": "#8", "cullface": "west"},
				"up": {"uv": [0, 0, 16, 16], "texture": "#9", "cullface": "up"},
				"down": {"uv": [0, 0, 16, 16], "texture": "#9", "cullface": "down"}
			}
		},
		{
			"from": [0, 8, 0],
			"to": [16, 16, 16],
			"rotation": {"angle": 0, "axis": "y", "origin": [0, 8, 0]},
			"faces": {
				"north": {"uv": [0, 8, 16, 15], "texture": "#6", "cullface": "north"},
				"east": {"uv": [0, 16, 16, 10], "texture": "#8", "cullface": "east"},
				"south": {"uv": [0, 16, 16, 10], "texture": "#8", "cullface": "south"},
				"west": {"uv": [0, 16, 16, 10], "texture": "#8", "cullface": "west"},
				"up": {"uv": [0, 0, 16, 16], "texture": "#9", "cullface": "up"},
				"down": {"uv": [0, 0, 16, 16], "texture": "#9", "cullface": "down"}
			}
		}
	],
	"display": {
		"thirdperson_righthand": {
			"scale": [0.5, 0.5, 0.5]
		},
		"thirdperson_lefthand": {
			"scale": [0.5, 0.5, 0.5]
		},
		"firstperson_righthand": {
			"scale": [0.5, 0.5, 0.5]
		},
		"firstperson_lefthand": {
			"scale": [0.5, 0.5, 0.5]
		},
		"ground": {
			"translation": [0, 1.5, 0],
			"scale": [0.5, 0.5, 0.5]
		},
		"gui": {
			"rotation": [0, 180, 0],
			"scale": [0.8, 0.8, 0.8]
		},
		"fixed": {
			"translation": [0, 0, 16.89],
			"scale": [2.15, 2.15, 2.15]
		}
	}
}