{
	"credit": "Made with Blockbench",
	"texture_size": [32, 32],
	"textures": {
		"0": "texture",
		"particle": "texture"
	},
	"elements": [
		{
			"from": [4, 0, 7.6],
			"to": [5, 2, 9.6],
			"rotation": {"angle": 0, "axis": "y", "origin": [4, 0, 7.6]},
			"faces": {
				"north": {"uv": [7, 3, 8, 4], "texture": "#0"},
				"east": {"uv": [5, 7, 6, 8], "texture": "#0"},
				"south": {"uv": [12, 4.5, 13, 5.5], "texture": "#0"},
				"west": {"uv": [0, 12.5, 1, 13.5], "texture": "#0"},
				"up": {"uv": [2, 13.5, 1, 12.5], "texture": "#0"},
				"down": {"uv": [3, 12.5, 2, 13.5], "texture": "#0"}
			}
		},
		{
			"from": [5, 0, 6],
			"to": [9, 8, 11],
			"rotation": {"angle": 0, "axis": "y", "origin": [5, 7, 9]},
			"faces": {
				"north": {"uv": [5, 0, 7, 4], "texture": "#0"},
				"east": {"uv": [0, 0, 2.5, 4], "texture": "#0"},
				"south": {"uv": [6, 4, 8, 8], "texture": "#0"},
				"west": {"uv": [2.5, 0, 5, 4], "texture": "#0"},
				"up": {"uv": [7, 10.5, 5, 8], "texture": "#0"},
				"down": {"uv": [10, 6, 8, 8.5], "texture": "#0"}
			}
		},
		{
			"from": [7.825, 0, 9.775],
			"to": [10.825, 2, 11.775],
			"rotation": {"angle": -22.5, "axis": "y", "origin": [8.825, 0, 9.775]},
			"faces": {
				"north": {"uv": [10.5, 4.5, 12, 5.5], "texture": "#0"},
				"east": {"uv": [12.5, 2, 13.5, 3], "texture": "#0"},
				"south": {"uv": [11, 2, 12.5, 3], "texture": "#0"},
				"west": {"uv": [3, 12.5, 4, 13.5], "texture": "#0"},
				"up": {"uv": [12.5, 11.5, 11, 10.5], "texture": "#0"},
				"down": {"uv": [1.5, 11.5, 0, 12.5], "texture": "#0"}
			}
		},
		{
			"from": [6, 4.6, 3],
			"to": [8, 6.6, 6],
			"rotation": {"angle": -22.5, "axis": "x", "origin": [6, 6.6, 5]},
			"faces": {
				"north": {"uv": [12.5, 3, 13.5, 4], "texture": "#0"},
				"east": {"uv": [1.5, 11.5, 3, 12.5], "texture": "#0"},
				"south": {"uv": [12.5, 5.5, 13.5, 6.5], "texture": "#0"},
				"west": {"uv": [3, 11.5, 4.5, 12.5], "texture": "#0"},
				"up": {"uv": [12.5, 7, 11.5, 5.5], "texture": "#0"},
				"down": {"uv": [7.5, 11.5, 6.5, 13], "texture": "#0"}
			}
		},
		{
			"from": [6, 4.4, 10],
			"to": [8, 6.4, 13],
			"rotation": {"angle": 22.5, "axis": "x", "origin": [6, 4.4, 12]},
			"faces": {
				"north": {"uv": [7.5, 12.5, 8.5, 13.5], "texture": "#0"},
				"east": {"uv": [11.5, 7, 13, 8], "texture": "#0"},
				"south": {"uv": [12.5, 8, 13.5, 9], "texture": "#0"},
				"west": {"uv": [7.5, 11.5, 9, 12.5], "texture": "#0"},
				"up": {"uv": [12.5, 9.5, 11.5, 8], "texture": "#0"},
				"down": {"uv": [10, 11.5, 9, 13], "texture": "#0"}
			}
		},
		{
			"from": [7.175, 0, 4.775],
			"to": [10.175, 2, 6.775],
			"rotation": {"angle": 22.5, "axis": "y", "origin": [9.175, 0, 4.775]},
			"faces": {
				"north": {"uv": [11.5, 9.5, 13, 10.5], "texture": "#0"},
				"east": {"uv": [10, 12.5, 11, 13.5], "texture": "#0"},
				"south": {"uv": [11, 11.5, 12.5, 12.5], "texture": "#0"},
				"west": {"uv": [12.5, 10.5, 13.5, 11.5], "texture": "#0"},
				"up": {"uv": [13.5, 1, 12, 0], "texture": "#0"},
				"down": {"uv": [13.5, 1, 12, 2], "texture": "#0"}
			}
		},
		{
			"from": [4.5, 7, 5.5],
			"to": [9.5, 13, 11.5],
			"rotation": {"angle": 0, "axis": "y", "origin": [10.5, 17, 9.5]},
			"faces": {
				"north": {"uv": [0, 7, 2.5, 10], "texture": "#0"},
				"east": {"uv": [0, 4, 3, 7], "texture": "#0"},
				"south": {"uv": [7, 0, 9.5, 3], "texture": "#0"},
				"west": {"uv": [3, 4, 6, 7], "texture": "#0"},
				"up": {"uv": [5, 10, 2.5, 7], "texture": "#0"},
				"down": {"uv": [10.5, 3, 8, 6], "texture": "#0"}
			}
		},
		{
			"from": [8, 7, 6.75],
			"to": [10, 9.25, 10.25],
			"rotation": {"angle": 0, "axis": "y", "origin": [8, 7.75, 7.5]},
			"faces": {
				"north": {"uv": [4.5, 12, 5.5, 13.125], "texture": "#0"},
				"east": {"uv": [10.5, 3, 12.25, 4.125], "texture": "#0"},
				"south": {"uv": [5.5, 12, 6.5, 13.125], "texture": "#0"},
				"west": {"uv": [4.5, 10.5, 6.25, 11.625], "texture": "#0"},
				"up": {"uv": [11, 12.25, 10, 10.5], "texture": "#0"},
				"down": {"uv": [12, 0, 11, 1.75], "texture": "#0"}
			}
		},
		{
			"from": [8, 8.5, 8],
			"to": [10.25, 9.5, 9],
			"rotation": {"angle": 0, "axis": "y", "origin": [8, 9.25, 6.25]},
			"faces": {
				"north": {"uv": [12.5, 4, 13.625, 4.5], "texture": "#0"},
				"east": {"uv": [7, 8, 7.5, 8.5], "texture": "#0"},
				"south": {"uv": [12.5, 6.5, 13.625, 7], "texture": "#0"},
				"west": {"uv": [7.5, 8, 8, 8.5], "texture": "#0"},
				"up": {"uv": [13.625, 9.5, 12.5, 9], "texture": "#0"},
				"down": {"uv": [12.125, 12.5, 11, 13], "texture": "#0"}
			}
		},
		{
			"from": [5.75, 11.5, 4],
			"to": [8.5, 14.5, 7],
			"rotation": {"angle": 0, "axis": "y", "origin": [6.25, 12.25, 2.25]},
			"faces": {
				"north": {"uv": [0, 10, 1.375, 11.5], "texture": "#0"},
				"east": {"uv": [7, 8.5, 8.5, 10], "texture": "#0"},
				"south": {"uv": [1.5, 10, 2.875, 11.5], "texture": "#0"},
				"west": {"uv": [8.5, 8.5, 10, 10], "texture": "#0"},
				"up": {"uv": [4.375, 11.5, 3, 10], "texture": "#0"},
				"down": {"uv": [11.375, 6, 10, 7.5], "texture": "#0"}
			}
		},
		{
			"from": [5.75, 11.5, 10],
			"to": [8.5, 14.5, 13],
			"rotation": {"angle": 0, "axis": "y", "origin": [6.25, 12.25, 8.25]},
			"faces": {
				"north": {"uv": [7, 10, 8.375, 11.5], "texture": "#0"},
				"east": {"uv": [9.5, 0, 11, 1.5], "texture": "#0"},
				"south": {"uv": [10, 7.5, 11.375, 9], "texture": "#0"},
				"west": {"uv": [9.5, 1.5, 11, 3], "texture": "#0"},
				"up": {"uv": [9.875, 11.5, 8.5, 10], "texture": "#0"},
				"down": {"uv": [11.375, 9, 10, 10.5], "texture": "#0"}
			}
		}
	],
	"display": {
		"thirdperson_righthand": {
			"rotation": [0, 180, 0],
			"scale": [0.6, 0.6, 0.6]
		},
		"thirdperson_lefthand": {
			"rotation": [9, 26, -4],
			"translation": [-0.5, 0, -2.75],
			"scale": [0.6, 0.6, 0.6]
		},
		"firstperson_righthand": {
			"rotation": [0, 180, 0],
			"translation": [0, 2.75, 0],
			"scale": [0.6, 0.6, 0.6]
		},
		"firstperson_lefthand": {
			"translation": [0, 2.75, 0],
			"scale": [0.6, 0.6, 0.6]
		},
		"ground": {
			"translation": [0, 4.5, 0]
		},
		"gui": {
			"rotation": [0, -90, 0],
			"translation": [0.25, 0.5, 0]
		},
		"fixed": {
			"rotation": [0, 90, 0]
		}
	},
	"groups": [
		{
			"name": "group",
			"origin": [1.25, 18.25, -0.75],
			"color": 0,
			"children": [0, 1, 2, 3, 4, 5, 6, 7, 8, 9, 10]
		}
	]
}