{
	"credit": "Made with Blockbench",
	"textures": {
		"0": "block/pink_wool",
		"1": "block/bone_block_side",
		"particle": "block/pink_wool"
	},
	"elements": [
		{
			"from": [-3, 16, 1],
			"to": [13, 17.75, 19],
			"rotation": {"angle": 0, "axis": "y", "origin": [7, 25, 15]},
			"faces": {
				"north": {"uv": [0, 0, 15.5, 15.5], "texture": "#1"},
				"east": {"uv": [0, 0, 15.5, 15.5], "texture": "#1"},
				"south": {"uv": [0, 0, 15.5, 15.5], "texture": "#1"},
				"west": {"uv": [0, 0, 15.5, 15.5], "texture": "#1"},
				"up": {"uv": [0, 0, 15.5, 15.5], "texture": "#0"},
				"down": {"uv": [0, 0, 15.5, 15.5], "texture": "#1"}
			}
		},
		{
			"from": [2, 20, 1],
			"to": [10.5, 23, 3],
			"rotation": {"angle": 0, "axis": "z", "origin": [2, 17, 0]},
			"faces": {
				"north": {"uv": [0, 0, 15.5, 15.5], "rotation": 90, "texture": "#1"},
				"east": {"uv": [0, 0, 15.5, 15.5], "rotation": 270, "texture": "#1"},
				"south": {"uv": [0, 0, 15.5, 15.5], "rotation": 270, "texture": "#1"},
				"west": {"uv": [0, 0, 15.5, 15.5], "rotation": 270, "texture": "#1"},
				"up": {"uv": [0, 0, 15.5, 15.5], "rotation": 270, "texture": "#1"},
				"down": {"uv": [0, 0, 15.5, 15.5], "rotation": 270, "texture": "#1"}
			}
		},
		{
			"from": [5.5, -6, 18],
			"to": [7.5, 20.3, 20],
			"rotation": {"angle": 45, "axis": "z", "origin": [0, 12, 17]},
			"faces": {
				"north": {"uv": [0, 0, 15.5, 15.5], "texture": "#1"},
				"east": {"uv": [0, 0, 15.5, 15.5], "texture": "#1"},
				"south": {"uv": [0, 0, 15.5, 15.5], "texture": "#1"},
				"west": {"uv": [0, 0, 15.5, 15.5], "texture": "#1"},
				"up": {"uv": [0, 0, 15.5, 15.5], "texture": "#1"},
				"down": {"uv": [0, 0, 15.5, 15.5], "texture": "#1"}
			}
		},
		{
			"from": [5.5, -6, 0],
			"to": [7.5, 20.3, 2],
			"rotation": {"angle": 45, "axis": "z", "origin": [0, 12, -1]},
			"faces": {
				"north": {"uv": [0, 0, 15.5, 15.5], "texture": "#1"},
				"east": {"uv": [0, 0, 15.5, 15.5], "texture": "#1"},
				"south": {"uv": [0, 0, 15.5, 15.5], "texture": "#1"},
				"west": {"uv": [0, 0, 15.5, 15.5], "texture": "#1"},
				"up": {"uv": [0, 0, 15.5, 15.5], "texture": "#1"},
				"down": {"uv": [0, 0, 15.5, 15.5], "texture": "#1"}
			}
		},
		{
			"from": [10, 23, 3],
			"to": [23, 24, 17],
			"rotation": {"angle": 0, "axis": "y", "origin": [7, 29, 0]},
			"faces": {
				"north": {"uv": [0, 0, 15.5, 15.5], "texture": "#1"},
				"east": {"uv": [0, 0, 15.5, 15.5], "texture": "#1"},
				"south": {"uv": [0, 0, 15.5, 15.5], "texture": "#1"},
				"west": {"uv": [0, 0, 15.5, 15.5], "texture": "#1"},
				"up": {"uv": [5, 0, 16, 14.5], "texture": "#0"},
				"down": {"uv": [0, 0, 15.5, 15.5], "texture": "#1"}
			}
		},
		{
			"from": [2, 23, 17],
			"to": [23, 24, 22],
			"rotation": {"angle": 0, "axis": "y", "origin": [-6, 29, 13]},
			"faces": {
				"north": {"uv": [0, 0, 15.5, 15.5], "texture": "#1"},
				"east": {"uv": [0, 0, 15.5, 15.5], "texture": "#1"},
				"south": {"uv": [0, 0, 15.5, 15.5], "texture": "#1"},
				"west": {"uv": [0, 0, 15.5, 15.5], "texture": "#1"},
				"up": {"uv": [0, 0, 16, 5], "texture": "#0"},
				"down": {"uv": [0, 0, 15.5, 15.5], "texture": "#1"}
			}
		},
		{
			"from": [2, 23, -2],
			"to": [23, 24, 3],
			"rotation": {"angle": 0, "axis": "y", "origin": [-6, 29, -6]},
			"faces": {
				"north": {"uv": [0, 0, 15.5, 15.5], "texture": "#1"},
				"east": {"uv": [0, 0, 15.5, 15.5], "texture": "#1"},
				"south": {"uv": [0, 0, 15.5, 15.5], "texture": "#1"},
				"west": {"uv": [0, 0, 15.5, 15.5], "texture": "#1"},
				"up": {"uv": [0, 0, 16, 5], "texture": "#0"},
				"down": {"uv": [0, 0, 15.5, 15.5], "texture": "#1"}
			}
		},
		{
			"from": [-6.5, 2.5, 0],
			"to": [18, 5, 2],
			"rotation": {"angle": 0, "axis": "y", "origin": [-10, 9.5, -4]},
			"faces": {
				"north": {"uv": [0, 0, 15.5, 15.5], "texture": "#1"},
				"east": {"uv": [0, 0, 15.5, 15.5], "texture": "#1"},
				"south": {"uv": [0, 0, 15.5, 15.5], "texture": "#1"},
				"west": {"uv": [0, 0, 15.5, 15.5], "texture": "#1"},
				"up": {"uv": [0, 0, 15.5, 15.5], "texture": "#1"},
				"down": {"uv": [0, 0, 15.5, 15.5], "texture": "#1"}
			}
		},
		{
			"from": [-8.5, 2.5, 0],
			"to": [-6.5, 5, 20],
			"rotation": {"angle": 0, "axis": "y", "origin": [-2.5, 9.5, -3.5]},
			"faces": {
				"north": {"uv": [0, 0, 15.5, 15.5], "texture": "#1"},
				"east": {"uv": [0, 0, 15.5, 15.5], "texture": "#1"},
				"south": {"uv": [0, 0, 15.5, 15.5], "texture": "#1"},
				"west": {"uv": [0, 0, 15.5, 15.5], "texture": "#1"},
				"up": {"uv": [0, 0, 15.5, 15.5], "rotation": 90, "texture": "#1"},
				"down": {"uv": [0, 0, 15.5, 15.5], "rotation": 270, "texture": "#1"}
			}
		},
		{
			"from": [-6.5, 2.5, 18],
			"to": [18, 5, 20],
			"rotation": {"angle": 0, "axis": "y", "origin": [-10, 9.5, 14]},
			"faces": {
				"north": {"uv": [0, 0, 15.5, 15.5], "texture": "#1"},
				"east": {"uv": [0, 0, 15.5, 15.5], "texture": "#1"},
				"south": {"uv": [0, 0, 15.5, 15.5], "texture": "#1"},
				"west": {"uv": [0, 0, 15.5, 15.5], "texture": "#1"},
				"up": {"uv": [0, 0, 15.5, 15.5], "texture": "#1"},
				"down": {"uv": [0, 0, 15.5, 15.5], "texture": "#1"}
			}
		},
		{
			"from": [11.1, 12.4, 0],
			"to": [21.1, 13.4, 20],
			"rotation": {"angle": -45, "axis": "z", "origin": [12.6, 18.4, 14]},
			"faces": {
				"north": {"uv": [0, 0, 15.5, 15.5], "texture": "#1"},
				"east": {"uv": [0, 0, 15.5, 15.5], "texture": "#1"},
				"south": {"uv": [0, 0, 15.5, 15.5], "texture": "#1"},
				"west": {"uv": [0, 0, 15.5, 15.5], "texture": "#1"},
				"up": {"uv": [0, 0, 7, 16], "texture": "#0"},
				"down": {"uv": [0, 0, 15.5, 15.5], "texture": "#1"}
			}
		},
		{
			"from": [2, 24, -2],
			"to": [23, 25, -1],
			"rotation": {"angle": 0, "axis": "y", "origin": [-6, 30, -6]},
			"faces": {
				"north": {"uv": [0, 0, 15.5, 15.5], "texture": "#1"},
				"east": {"uv": [0, 0, 15.5, 15.5], "texture": "#1"},
				"south": {"uv": [0, 0, 15.5, 15.5], "texture": "#1"},
				"west": {"uv": [0, 0, 15.5, 15.5], "texture": "#1"},
				"up": {"uv": [0, 0, 15.5, 15.5], "texture": "#1"},
				"down": {"uv": [0, 0, 15.5, 15.5], "texture": "#1"}
			}
		},
		{
			"from": [2, 24, 21],
			"to": [23, 25, 22],
			"rotation": {"angle": 0, "axis": "y", "origin": [-6, 30, 17]},
			"faces": {
				"north": {"uv": [0, 0, 15.5, 15.5], "texture": "#1"},
				"east": {"uv": [0, 0, 15.5, 15.5], "texture": "#1"},
				"south": {"uv": [0, 0, 15.5, 15.5], "texture": "#1"},
				"west": {"uv": [0, 0, 15.5, 15.5], "texture": "#1"},
				"up": {"uv": [0, 0, 15.5, 15.5], "texture": "#1"},
				"down": {"uv": [0, 0, 15.5, 15.5], "texture": "#1"}
			}
		},
		{
			"from": [22, 24, -1],
			"to": [23, 25, 21],
			"rotation": {"angle": 0, "axis": "y", "origin": [-6, 30, 16]},
			"faces": {
				"north": {"uv": [0, 0, 15.5, 15.5], "texture": "#1"},
				"east": {"uv": [0, 0, 15.5, 15.5], "texture": "#1"},
				"south": {"uv": [0, 0, 15.5, 15.5], "texture": "#1"},
				"west": {"uv": [0, 0, 15.5, 15.5], "texture": "#1"},
				"up": {"uv": [0, 0, 15.5, 15.5], "texture": "#1"},
				"down": {"uv": [0, 0, 15.5, 15.5], "texture": "#1"}
			}
		},
		{
			"from": [2, 20, 17],
			"to": [10.5, 23, 19],
			"rotation": {"angle": 0, "axis": "z", "origin": [2, 17, 16]},
			"faces": {
				"north": {"uv": [0, 0, 15.5, 15.5], "rotation": 90, "texture": "#1"},
				"east": {"uv": [0, 0, 15.5, 15.5], "rotation": 270, "texture": "#1"},
				"south": {"uv": [0, 0, 15.5, 15.5], "rotation": 270, "texture": "#1"},
				"west": {"uv": [0, 0, 15.5, 15.5], "rotation": 270, "texture": "#1"},
				"up": {"uv": [0, 0, 15.5, 15.5], "rotation": 270, "texture": "#1"},
				"down": {"uv": [0, 0, 15.5, 15.5], "rotation": 270, "texture": "#1"}
			}
		},
		{
			"from": [-2, 17.5, 17],
			"to": [2, 32, 19],
			"rotation": {"angle": 0, "axis": "y", "origin": [-5, 26, 16]},
			"faces": {
				"north": {"uv": [0, 0, 15.5, 15.5], "texture": "#1"},
				"east": {"uv": [0, 0, 15.5, 15.5], "texture": "#1"},
				"south": {"uv": [0, 0, 15.5, 15.5], "texture": "#1"},
				"west": {"uv": [0, 0, 15.5, 15.5], "texture": "#1"},
				"up": {"uv": [0, 0, 15.5, 15.5], "texture": "#1"},
				"down": {"uv": [0, 0, 15.5, 15.5], "texture": "#1"}
			}
		},
		{
			"from": [-2, 17.5, 1],
			"to": [2, 32, 3],
			"rotation": {"angle": 0, "axis": "y", "origin": [-5, 26, 0]},
			"faces": {
				"north": {"uv": [0, 0, 15.5, 15.5], "texture": "#1"},
				"east": {"uv": [0, 0, 15.5, 15.5], "texture": "#1"},
				"south": {"uv": [0, 0, 15.5, 15.5], "texture": "#1"},
				"west": {"uv": [0, 0, 15.5, 15.5], "texture": "#1"},
				"up": {"uv": [0, 0, 15.5, 15.5], "texture": "#1"},
				"down": {"uv": [0, 0, 15.5, 15.5], "texture": "#1"}
			}
		},
		{
			"from": [-4, 17.5, 2],
			"to": [-2, 32, 18],
			"rotation": {"angle": 0, "axis": "y", "origin": [-9, 26, 1]},
			"faces": {
				"north": {"uv": [0, 0, 15.5, 15.5], "texture": "#1"},
				"east": {"uv": [0, 0, 15.5, 15.5], "texture": "#1"},
				"south": {"uv": [0, 0, 15.5, 15.5], "texture": "#1"},
				"west": {"uv": [0, 0, 15.5, 15.5], "texture": "#1"},
				"up": {"uv": [0, 0, 15.5, 15.5], "texture": "#1"},
				"down": {"uv": [0, 0, 15.5, 15.5], "texture": "#1"}
			}
		},
		{
			"from": [-2, 17.5, 3],
			"to": [-1, 32, 17],
			"rotation": {"angle": 0, "axis": "y", "origin": [-8, 26, 1]},
			"faces": {
				"north": {"uv": [0, 0, 15.5, 15.5], "texture": "#0"},
				"east": {"uv": [0, 0, 15.5, 15.5], "texture": "#0"},
				"south": {"uv": [0, 0, 15.5, 15.5], "texture": "#0"},
				"west": {"uv": [0, 0, 15.5, 15.5], "texture": "#0"},
				"up": {"uv": [0, 0, 4.5, 10.5], "texture": "#0"},
				"down": {"uv": [0, 0, 15.5, 15.5], "texture": "#0"}
			}
		},
		{
			"from": [10.5, 17.7, 9],
			"to": [13, 22.2, 11],
			"rotation": {"angle": 0, "axis": "y", "origin": [5.5, 26.2, 21]},
			"faces": {
				"north": {"uv": [0, 0, 15.5, 15.5], "texture": "#1"},
				"east": {"uv": [0, 0, 15.5, 15.5], "texture": "#1"},
				"south": {"uv": [0, 0, 15.5, 15.5], "texture": "#1"},
				"west": {"uv": [0, 0, 15.5, 15.5], "texture": "#1"},
				"up": {"uv": [0, 0, 15.5, 15.5], "texture": "#1"},
				"down": {"uv": [0, 0, 15.5, 15.5], "texture": "#1"}
			}
		}
	],
	"display": {
		"thirdperson_righthand": {
			"rotation": [90, 90, 0],
			"translation": [-8, 0, -21.25],
			"scale": [0.9, 1, 0.9]
		},
		"head": {
			"rotation": [-1, 92, 0],
			"translation": [-2.25, -53.75, -2.75],
			"scale": [1.25, 1.25, 1.25]
		}
	}
}