{
    "parent": "minecraft:item/generated",
  "textures": {
      "layer0": "minecraft:item/leather_leggings",
      "layer1": "minecraft:item/leather_leggings_overlay"
    },
    "overrides": [
      {
        "model": "minecraft:item/leather_leggings_quartz_trim",
        "predicate": {
          "trim_type": 0.1
        }
      },
      {
        "model": "minecraft:item/leather_leggings_iron_trim",
        "predicate": {
          "trim_type": 0.2
        }
      },
      {
        "model": "minecraft:item/leather_leggings_netherite_trim",
        "predicate": {
          "trim_type": 0.3
        }
      },
      {
        "model": "minecraft:item/leather_leggings_redstone_trim",
        "predicate": {
          "trim_type": 0.4
        }
      },
      {
        "model": "minecraft:item/leather_leggings_copper_trim",
        "predicate": {
          "trim_type": 0.5
        }
      },
      {
        "model": "minecraft:item/leather_leggings_gold_trim",
        "predicate": {
          "trim_type": 0.6
        }
      },
      {
        "model": "minecraft:item/leather_leggings_emerald_trim",
        "predicate": {
          "trim_type": 0.7
        }
      },
      {
        "model": "minecraft:item/leather_leggings_diamond_trim",
        "predicate": {
          "trim_type": 0.8
        }
      },
      {
        "model": "minecraft:item/leather_leggings_lapis_trim",
        "predicate": {
          "trim_type": 0.9
        }
      },
      {
        "model": "minecraft:item/leather_leggings_amethyst_trim",
        "predicate": {
          "trim_type": 1.0
        }
      },
      {
        "predicate": {
          "custom_model_data": 626001
        },
        "model": "minecraft:item/diaper_thick"
      },
      {
        "predicate": {
          "custom_model_data": 626002
        },
        "model": "minecraft:item/underwear"
      },
      {
        "predicate": {
          "custom_model_data": 626003
        },
        "model": "minecraft:item/pullup"
      },
      {
        "predicate": {
          "custom_model_data": 626009
        },
        "model": "minecraft:item/diaper"
      },
      {
        "predicate": {
          "custom_model_data": 626015
        },
        "model": "minecraft:item/pants"
      },
      {
        "predicate": {
          "custom_model_data": 626016
        },
        "model": "minecraft:item/pants_wet"
      },
      {
        "predicate": {
          "custom_model_data": 626017
        },
        "model": "minecraft:item/pants_mess"
      },
      {
        "predicate": {
          "custom_model_data": 626018
        },
        "model": "minecraft:item/pants_wetmess"
      },
      {
        "predicate": {
          "custom_model_data": 626019
        },
        "model": "minecraft:item/underwear_wet"
      },
      {
        "predicate": {
          "custom_model_data": 626020
        },
        "model": "minecraft:item/underwear_mess"
      },
      {
        "predicate": {
          "custom_model_data": 626021
        },
        "model": "minecraft:item/underwear_wetmess"
      },
      {
        "predicate": {
          "custom_model_data": 626022
        },
        "model": "minecraft:item/diaper"
      },
      {
        "predicate": {
          "custom_model_data": 626023
        },
        "model": "minecraft:item/diaper"
      },
      {
        "predicate": {
          "custom_model_data": 626024
        },
        "model": "minecraft:item/diaper"
      },
      {
        "predicate": {
          "custom_model_data": 626025
        },
        "model": "minecraft:item/diaper_thick"
      },
      {
        "predicate": {
          "custom_model_data": 626026
        },
        "model": "minecraft:item/diaper_thick"
      },
      {
        "predicate": {
          "custom_model_data": 626027
        },
        "model": "minecraft:item/diaper_thick"
      },
      {
        "predicate": {
          "custom_model_data": 626028
        },
        "model": "minecraft:item/pullup"
      },
      {
        "predicate": {
          "custom_model_data": 626029
        },
        "model": "minecraft:item/pullup"
      },
      {
        "predicate": {
          "custom_model_data": 626030
        },
        "model": "minecraft:item/pullup"
      },
      {
        "predicate": {
          "custom_model_data": 626031
        },
        "model": "minecraft:item/underwear_wet"
      },
      {
        "predicate": {
          "custom_model_data": 626032
        },
        "model": "minecraft:item/underwear_mess"
      },
      {
        "predicate": {
          "custom_model_data": 626033
        },
        "model": "minecraft:item/underwear_wetmess"
      }
    ]
  }