{
    "blend": {
        "func": "add",
        "srcrgb": "one",
        "dstrgb": "zero"
    },
    "vertex": "blur",
    "fragment": "entity_outline_box_blur",
    "attributes": [ "Position" ],
    "samplers": [
        { "name": "DiffuseSampler" }
    ],
    "uniforms": [
        { "name": "ProjMat",          "type": "matrix4x4", "count": 16, "values": [ 1.0, 0.0, 0.0, 0.0, 0.0, 1.0, 0.0, 0.0, 0.0, 0.0, 1.0, 0.0, 0.0, 0.0, 0.0, 1.0 ] },
        { "name": "InSize",           "type": "float",     "count": 2,  "values": [ 1.0, 1.0 ] },
        { "name": "OutSize",          "type": "float",     "count": 2,  "values": [ 1.0, 1.0 ] },
        { "name": "BlurDir",          "type": "float",     "count": 2,  "values": [ 1.0, 1.0 ] }
    ]
}
